,cum_power,Elec_kW,Gas_mxm
2011-10-26,0.1,15.1,9.0
2011-10-27,10.2,7.4,9.2
2011-10-28,20.2,5.8,8.0
2011-10-29,29.6,4.9,6.6
2011-10-30,34.2,11.7,5.3
2011-10-31,38.0,11.0,5.7
2011-11-01,46.6,3.5,5.3
2011-11-02,51.6,10.5,5.4
2011-11-03,58.6,6.9,7.6
2011-11-04,60.5,10.3,5.5
2011-11-05,65.7,12.0,5.2
2011-11-06,71.8,11.9,4.8
2011-11-07,73.3,16.7,5.3
2011-11-08,73.8,11.1,7.3
2011-11-09,76.1,13.0,8.3
2011-11-10,82.5,7.6,7.2
2011-11-11,89.1,8.9,10.5
2011-11-12,95.5,12.9,10.2
2011-11-13,99.9,10.7,10.7
2011-11-14,101.4,10.2,9.9
2011-11-15,109.1,7.2,11.4
2011-11-16,116.0,9.4,13.6
2011-11-17,122.3,10.1,16.1
2011-11-18,124.3,14.6,12.8
2011-11-19,130.5,8.4,10.3
2011-11-20,136.5,12.2,12.6
2011-11-21,142.5,17.7,12.8
2011-11-22,145.0,11.5,13.4
2011-11-23,148.3,13.5,11.9
2011-11-24,149.8,13.0,9.7
2011-11-25,151.7,17.8,12.6
2011-11-26,152.4,16.9,11.3
2011-11-27,156.1,12.6,12.6
2011-11-28,157.4,14.5,12.5
2011-11-29,163.9,9.1,10.7
2011-11-30,165.3,17.0,13.4
2011-12-01,170.7,9.9,11.0
2011-12-02,172.1,16.9,10.6
2011-12-03,174.7,14.1,14.4
2011-12-04,175.3,18.7,12.7
2011-12-05,176.3,15.6,10.7
2011-12-06,178.8,8.5,15.0
2011-12-07,180.5,16.0,15.7
2011-12-08,182.0,13.9,15.4
2011-12-09,183.6,15.6,15.4
2011-12-10,188.4,11.5,15.2
2011-12-11,192.6,14.4,15.4
2011-12-12,195.0,12.0,15.5
2011-12-13,197.8,13.7,14.2
2011-12-14,199.1,15.2,13.7
2011-12-15,200.1,19.5,16.2
2011-12-16,201.6,14.1,15.8
2011-12-17,201.8,17.0,17.3
2011-12-18,205.4,17.0,17.8
2011-12-19,209.7,16.6,16.0
2011-12-20,211.6,15.5,20.1
2011-12-21,214.4,12.4,14.4
2011-12-22,215.3,17.5,14.2
2011-12-23,216.2,18.4,12.9
2011-12-24,217.4,14.3,11.1
2011-12-25,219.7,10.9,12.4
2011-12-26,220.3,14.2,14.1
2011-12-27,220.7,14.6,11.5
2011-12-28,221.2,17.0,11.4
2011-12-29,221.7,9.3,12.7
2011-12-30,222.6,15.3,15.4
2011-12-31,226.2,11.5,15.2
2012-01-01,226.7,16.0,13.6
2012-01-02,227.5,18.8,10.6
2012-01-03,230.4,15.5,11.7
2012-01-04,231.2,19.3,19.3
2012-01-05,233.9,6.9,10.6
2012-01-06,235.5,16.1,14.9
2012-01-07,236.5,14.9,15.4
2012-01-08,240.6,15.1,14.6
2012-01-09,245.8,13.2,13.5
2012-01-10,246.8,10.9,11.8
2012-01-11,248.3,11.1,11.1
2012-01-12,249.9,13.6,11.4
2012-01-13,251.3,14.8,14.0
2012-01-14,254.7,13.1,13.5
2012-01-15,258.1,13.6,14.7
2012-01-16,263.5,7.7,16.0
2012-01-17,269.4,10.9,16.6
2012-01-18,274.8,7.3,18.3
2012-01-19,276.5,15.7,17.3
2012-01-20,277.3,18.3,17.1
2012-01-21,278.1,15.5,14.5
2012-01-22,278.9,19.7,14.7
2012-01-23,282.8,12.3,15.5
2012-01-24,286.1,10.5,13.6
2012-01-25,288.2,15.3,15.8
2012-01-26,289.6,11.7,13.5
2012-01-27,290.7,16.7,14.7
2012-01-28,297.0,7.7,13.7
2012-01-29,300.3,18.1,15.6
2012-01-30,301.6,17.4,17.9
2012-01-31,301.8,16.0,21.8
2012-02-01,307.4,8.9,19.2
2012-02-02,315.8,7.8,25.0
2012-02-03,324.3,7.6,28.0
2012-02-04,326.6,13.5,28.0
2012-02-05,334.2,15.8,26.0
2012-02-06,339.8,9.8,26.0
2012-02-07,348.4,7.6,25.0
2012-02-08,355.7,11.1,29.0
2012-02-09,363.6,9.0,25.0
2012-02-10,367.3,13.6,24.0
2012-02-11,376.9,8.1,27.0
2012-02-12,383.3,16.4,27.0
2012-02-13,385.9,18.0,25.0
2012-02-14,388.9,13.0,20.0
2012-02-15,393.6,11.0,16.0
2012-02-16,396.0,15.0,16.0
2012-02-17,399.6,15.0,15.0
2012-02-18,404.8,11.0,16.0
2012-02-19,406.3,16.0,16.0
2012-02-20,413.6,13.0,15.0
2012-02-21,424.3,3.0,16.0
2012-02-22,430.7,11.0,17.0
2012-02-23,436.9,10.0,17.0
2012-02-24,439.3,14.0,14.0
2012-02-25,441.6,13.0,12.0
2012-02-26,450.7,2.0,12.0
2012-02-27,453.3,15.0,14.0
2012-02-28,457.2,12.0,13.0
2012-02-29,458.7,15.0,12.0
2012-03-01,461.2,14.0,11.0
2012-03-02,463.5,13.0,10.0
2012-03-03,465.3,13.0,13.0
2012-03-04,471.4,14.0,9.0
2012-03-05,475.5,12.0,12.0
2012-03-06,477.1,14.0,13.0
2012-03-07,483.5,8.0,13.0
2012-03-08,485.8,11.0,16.0
2012-03-09,498.0,6.0,16.0
2012-03-10,504.1,10.0,13.0
2012-03-11,508.2,7.0,11.0
2012-03-12,524.3,-1.0,7.0
2012-03-13,538.0,-3.0,12.0
2012-03-14,541.5,11.0,9.0
2012-03-15,554.7,3.0,11.0
2012-03-16,571.9,-2.0,9.0
2012-03-17,587.6,-1.0,8.0
2012-03-18,592.5,5.0,11.0
2012-03-19,601.5,9.0,16.0
2012-03-20,619.3,-3.0,12.0
2012-03-21,632.5,-1.0,10.0
2012-03-22,650.8,-2.0,11.0
2012-03-23,668.5,-2.0,5.0
2012-03-24,686.2,-5.0,6.0
2012-03-25,703.3,-5.0,3.0
2012-03-26,723.5,-2.0,7.0
2012-03-27,742.8,-4.0,7.0
2012-03-28,760.7,-7.0,6.0
2012-03-29,780.1,-3.0,8.0
2012-03-30,794.3,1.0,7.0
2012-03-31,796.6,12.0,10.0
2012-04-01,804.2,9.0,11.0
2012-04-02,823.3,-4.0,19.0
2012-04-03,844.2,-5.0,9.0
2012-04-04,860.3,-1.0,9.0
2012-04-05,872.4,3.0,9.0
2012-04-06,878.2,3.0,10.0
2012-04-07,900.2,-7.0,10.0
2012-04-08,910.9,8.0,12.0
2012-04-09,922.1,6.0,12.0
2012-04-10,927.9,1.0,10.0
2012-04-11,933.1,11.0,10.0
2012-04-12,940.5,11.0,12.0
2012-04-13,953.9,3.0,11.0
2012-04-14,972.9,-6.0,19.0
2012-04-15,992.4,-3.0,20.0
2012-04-16,1001.1,8.0,11.0
2012-04-17,1021.3,-8.0,11.0
2012-04-18,1029.5,7.0,13.0
2012-04-19,1041.9,4.0,13.0
2012-04-20,1059.0,-3.0,11.0
2012-04-21,1072.4,10.0,11.0
2012-04-22,1086.1,2.0,11.0
2012-04-23,1103.4,-4.0,11.0
2012-04-24,1114.9,2.0,10.0
2012-04-25,1126.1,6.0,10.0
2012-04-26,1133.9,10.0,9.0
2012-04-27,1147.7,2.0,10.0
2012-04-28,1158.9,2.0,8.0
2012-04-29,1167.0,7.0,6.0
2012-04-30,1186.9,10.0,5.0
2012-05-01,1202.0,-8.0,5.0
2012-05-02,1222.9,-7.0,3.0
2012-05-03,1228.0,8.0,6.0
2012-05-04,1233.0,8.0,4.0
2012-05-05,1253.5,-7.0,6.0
2012-05-06,1258.9,12.0,5.0
2012-05-07,1270.9,5.0,8.0
2012-05-08,1292.2,-8.0,6.0
2012-05-09,1302.6,3.0,7.0
2012-05-10,1318.4,3.0,4.0
2012-05-11,1327.7,5.0,2.0
2012-05-12,1338.1,3.0,4.0
2012-05-13,1359.0,-7.0,5.0
2012-05-14,1381.3,-5.0,6.0
2012-05-15,1410.0,-15.0,5.0
2012-05-16,1421.5,-1.0,7.0
2012-05-17,1452.0,-17.0,8.0
2012-05-18,1469.0,-2.0,8.0
2012-05-19,1477.0,1.0,6.0
2012-05-20,1499.0,-9.0,2.0
2012-05-21,1518.0,-3.0,2.0
2012-05-22,1533.0,-6.0,2.0
2012-05-23,1561.9,-13.0,2.0
2012-05-24,1588.2,-14.0,1.0
2012-05-25,1607.5,-12.0,1.0
2012-05-26,1636.7,-20.0,1.0
2012-05-27,1665.0,-15.0,1.0
2012-05-28,1692.3,-11.0,1.0
2012-05-29,1721.6,-17.0,1.0
2012-05-30,1746.3,3.0,1.0
2012-05-31,1769.4,-10.0,1.0
2012-06-01,1782.5,-4.0,1.0
2012-06-02,1802.4,-10.0,1.0
2012-06-03,1825.9,-12.0,2.0
2012-06-04,1829.1,11.0,4.0
2012-06-05,1836.4,7.0,6.0
2012-06-06,1864.2,-5.0,6.0
2012-06-07,1881.1,-1.0,5.0
2012-06-08,1893.6,2.0,2.0
2012-06-09,1916.0,12.0,3.0
2012-06-10,1936.8,-4.0,4.0
2012-06-11,1948.9,-1.0,3.0
2012-06-12,1959.3,-1.0,3.0
2012-06-13,1968.7,3.0,4.0
2012-06-14,1981.3,3.0,5.0
2012-06-15,2007.3,-13.0,3.0
2012-06-16,2015.3,2.0,3.0
2012-06-17,2034.2,-3.0,3.0
2012-06-18,2056.7,-17.0,2.0
2012-06-19,2069.9,-1.0,3.0
2012-06-20,2090.4,-7.0,2.0
2012-06-21,2110.9,-5.0,2.0
2012-06-22,2122.7,-1.0,1.0
2012-06-23,2142.4,6.0,1.0
2012-06-24,2162.4,-6.0,3.0
2012-06-25,2173.1,5.0,3.0
2012-06-26,2195.7,-7.0,4.0
2012-06-27,2219.1,-10.0,2.0
2012-06-28,2228.8,3.0,1.0
2012-06-29,2251.2,-12.0,1.0
2012-06-30,2270.3,-9.0,1.0
2012-07-01,2294.4,-10.0,1.0
2012-07-02,2317.9,-13.0,1.0
2012-07-03,2343.5,-12.0,1.0
2012-07-04,2356.0,1.0,1.0
2012-07-05,2376.1,-8.0,1.0
2012-07-06,2391.1,-3.0,1.0
2012-07-07,2412.8,-11.0,1.0
2012-07-08,2430.5,-4.0,1.0
2012-07-09,2445.3,0.0,1.0
2012-07-10,2456.1,2.0,1.0
2012-07-11,2468.7,-2.0,2.0
2012-07-12,2484.0,-10.0,2.0
2012-07-13,2500.0,-15.0,2.0
2012-07-14,2515.0,-15.0,2.0
2012-07-15,2531.4,-10.0,2.0
2012-07-16,2545.5,1.0,5.0
2012-07-17,2552.8,7.0,5.0
2012-07-18,2563.4,5.0,4.0
2012-07-19,2582.8,-5.0,3.0
2012-07-20,2595.9,2.4,2.0
2012-07-21,2605.0,4.0,4.0
2012-07-22,2627.4,-8.0,3.0
2012-07-23,2653.4,-19.0,2.0
2012-07-24,2680.6,-15.0,1.0
2012-07-25,2707.3,-15.0,1.0
2012-07-26,2733.0,-12.0,0.0
2012-07-27,2756.0,-13.0,0.0
2012-07-28,2771.2,-4.0,0.0
2012-07-29,2783.7,0.0,0.0
2012-07-30,2801.7,-9.0,0.0
2012-07-31,2817.4,-6.0,0.0
2012-08-01,2825.8,7.0,3.0
2012-08-02,2840.6,0.0,2.0
2012-08-03,2858.7,-7.0,1.0
2012-08-04,2873.3,-1.0,1.0
2012-08-05,2888.9,-2.0,1.0
2012-08-06,2904.7,-4.0,1.0
2012-08-07,2918.8,-4.0,1.0
2012-08-08,2932.3,1.0,2.0
2012-08-09,2943.8,2.0,3.0
2012-08-10,2964.1,-6.0,2.0
2012-08-11,2990.1,-7.0,1.0
2012-08-12,3014.5,-8.0,0.0
2012-08-13,3040.6,-16.0,0.0
2012-08-14,3059.6,-6.0,0.0
2012-08-15,3072.4,-3.0,0.0
2012-08-16,3086.3,-5.0,0.0
2012-08-17,3100.6,-2.0,0.0
2012-08-18,3125.0,-12.0,4.0
2012-08-19,3147.2,-12.0,0.0
2012-08-20,3164.3,-7.0,0.0
2012-08-21,3174.7,0.0,0.0
2012-08-22,3190.5,-3.0,0.0
2012-08-23,3207.2,-5.0,0.0
2012-08-24,3229.2,-13.0,0.0
2012-08-25,3245.0,-2.0,0.0
2012-08-26,3256.5,2.0,2.0
2012-08-27,3270.1,4.0,1.0
2012-08-28,3286.8,-4.0,3.0
2012-08-29,3306.3,-3.0,2.0
2012-08-30,3325.5,-7.0,1.0
2012-08-31,3337.4,3.0,2.0
2012-09-01,3351.0,2.0,4.0
2012-09-02,3374.0,-13.0,3.0
2012-09-03,3389.6,1.0,2.0
2012-09-04,3407.6,-6.0,2.0
2012-09-05,3427.6,-8.0,2.0
2012-09-06,3445.6,-4.0,2.0
2012-09-07,3466.3,-8.0,2.0
2012-09-08,3487.1,-10.0,3.0
2012-09-09,3507.5,-11.0,2.0
2012-09-10,3528.3,-7.0,1.0
2012-09-11,3543.6,-3.0,1.0
2012-09-12,3553.0,2.0,2.0
2012-09-13,3566.5,2.0,3.0
2012-09-14,3576.3,5.0,5.0
2012-09-15,3582.1,10.0,6.0
2012-09-16,3597.6,2.0,3.0
2012-09-17,3613.6,-1.0,3.0
2012-09-18,3620.2,4.0,3.0
2012-09-19,3636.5,-2.0,4.0
2012-09-20,3650.5,2.0,6.0
2012-09-21,3662.8,0.0,6.0
2012-09-22,3672.0,8.0,6.0
2012-09-23,3689.6,-2.0,6.0
2012-09-24,3694.0,10.0,6.0
2012-09-25,3700.3,8.0,7.0
2012-09-26,3710.5,5.0,6.0
2012-09-27,3720.9,4.0,6.0
2012-09-28,3730.8,7.0,6.0
2012-09-29,3741.0,4.0,6.0
2012-09-30,3755.7,0.0,7.0
2012-10-01,3771.7,-7.0,6.0
2012-10-02,3781.2,4.0,7.0
2012-10-03,3788.8,7.0,4.0
2012-10-04,3792.4,11.0,8.0
2012-10-05,3806.7,2.0,6.0
2012-10-06,3810.9,10.0,6.0
2012-10-07,3814.4,12.0,7.0
2012-10-08,3826.6,5.0,7.0
2012-10-09,3835.0,6.0,9.0
2012-10-10,3840.7,9.0,10.0
2012-10-11,3851.8,5.0,8.0
2012-10-12,3862.0,5.0,7.0
2012-10-13,3870.2,7.0,11.0
2012-10-14,3872.3,14.0,10.0
2012-10-15,3877.7,16.0,10.0
2012-10-16,3885.3,8.0,9.0
2012-10-17,3894.8,8.0,10.0
2012-10-18,3899.2,12.0,6.0
2012-10-19,3902.3,14.0,4.0
2012-10-20,3906.9,7.0,4.0
2012-10-21,3910.1,7.0,6.0
2012-10-22,3915.6,9.0,3.0
2012-10-23,3925.2,5.0,4.0
2012-10-24,3933.4,6.0,5.0
2012-10-25,3942.1,7.0,5.0
2012-10-26,3943.6,11.0,11.0
2012-10-27,3945.6,11.0,14.0
2012-10-28,3954.8,7.0,12.0
2012-10-29,3964.1,5.0,10.0
2012-10-30,3965.9,4.0,12.0
2012-10-31,3970.2,11.0,12.0
2012-11-01,3979.1,8.0,12.0
2012-11-02,3983.2,12.0,12.0
2012-11-03,3987.2,10.0,14.0
2012-11-04,3993.8,11.0,12.0
2012-11-05,3998.3,12.0,13.0
2012-11-06,4001.2,14.0,13.0
2012-11-07,4005.5,10.0,13.0
2012-11-08,4008.6,13.0,11.0
2012-11-09,4011.2,13.0,10.0
2012-11-10,4014.9,13.0,10.0
2012-11-11,4015.9,10.0,10.0
2012-11-12,4020.2,20.0,10.0
2012-11-13,4022.1,16.0,12.0
2012-11-14,4023.9,13.0,11.0
2012-11-15,4031.1,9.0,13.0
2012-11-16,4032.9,12.0,14.0
2012-11-17,4036.6,16.0,13.0
2012-11-18,4037.6,21.0,15.0
2012-11-19,4039.3,16.0,13.0
2012-11-20,4041.2,15.0,14.0
2012-11-21,4045.5,13.0,12.0
2012-11-22,4047.4,19.0,13.0
2012-11-23,4053.3,10.0,13.0
2012-11-24,4054.1,19.0,13.0
2012-11-25,4055.0,21.0,12.0
2012-11-26,4059.0,16.0,11.0
2012-11-27,4061.3,11.0,11.0
2012-11-28,4063.1,15.0,13.0
2012-11-29,4066.7,14.0,15.0
2012-11-30,4069.2,15.0,13.0
2012-12-01,4072.0,13.0,17.0
2012-12-02,4074.6,19.0,16.0
2012-12-03,4077.6,15.0,15.0
2012-12-04,4078.0,19.0,18.0
2012-12-05,4079.8,14.0,18.0
2012-12-06,4080.6,15.0,18.0
2012-12-07,4082.1,16.0,20.0
2012-12-08,4083.8,16.0,21.0
2012-12-09,4088.7,13.0,19.0
2012-12-10,4089.0,20.0,16.0
2012-12-11,4090.4,14.0,17.0
2012-12-12,4095.6,14.0,21.0
2012-12-13,4100.4,13.0,21.0
2012-12-14,4103.3,16.0,19.0
2012-12-15,4104.1,20.0,16.0
2012-12-16,4105.5,17.0,13.0
2012-12-17,4106.8,17.0,13.0
2012-12-18,4107.8,16.0,13.0
2012-12-19,4109.1,18.0,15.0
2012-12-20,4111.2,15.0,13.0
2012-12-21,4111.8,20.0,17.0
2012-12-22,4113.1,17.0,14.0
2012-12-23,4113.3,24.0,13.0
2012-12-24,4113.6,19.0,11.0
2012-12-25,4115.5,18.0,11.0
2012-12-26,4117.7,19.0,11.0
2012-12-27,4119.2,18.0,13.0
2012-12-28,4120.6,16.0,13.0
2012-12-29,4121.6,17.0,13.0
2012-12-30,4124.5,18.0,12.0
2012-12-31,4126.9,16.0,5.0
2013-01-01,4128.0,21.0,13.0
2013-01-02,4130.7,19.0,12.0
2013-01-03,4133.1,17.0,14.0
2013-01-04,4133.7,18.0,13.0
2013-01-05,4134.1,18.0,11.0
2013-01-06,4134.3,20.0,11.0
2013-01-07,4135.4,14.0,11.0
2013-01-08,4135.8,17.0,13.0
2013-01-09,4136.7,15.0,14.0
2013-01-10,4136.9,16.0,14.0
2013-01-11,4139.6,17.0,15.0
2013-01-12,4141.7,17.0,19.0
2013-01-13,4145.9,17.0,19.0
2013-01-14,4151.1,15.0,21.0
2013-01-15,4153.4,16.0,23.0
2013-01-16,4153.4,18.0,23.0
2013-01-17,4154.6,18.0,25.0
2013-01-18,4155.4,16.0,25.0
2013-01-19,4157.6,10.0,21.0
2013-01-20,4158.8,23.0,24.0
2013-01-21,4158.9,20.0,24.0
2013-01-22,4158.9,20.0,23.0
2013-01-23,4162.1,14.0,21.0
2013-01-24,4167.0,12.0,24.0
2013-01-25,4171.8,16.0,23.0
2013-01-26,4174.6,17.0,24.0
2013-01-27,4175.2,21.0,24.0
2013-01-28,4177.3,17.0,19.0
2013-01-29,4181.9,13.0,20.0
2013-01-30,4182.7,17.0,15.0
2013-01-31,4188.0,12.0,12.0
2013-02-01,4191.0,14.0,8.0
2013-02-02,4191.8,16.0,20.0
2013-02-03,4197.9,13.0,20.0
2013-02-04,4200.6,17.0,16.0
2013-02-05,4205.6,11.0,15.0
2013-02-06,4211.6,11.0,18.0
2013-02-07,4216.3,15.0,19.0
2013-02-08,4221.3,11.0,18.0
2013-02-09,4227.0,11.0,19.0
2013-02-10,4231.2,19.0,19.0
2013-02-11,4239.3,12.0,19.0
2013-02-12,4242.0,12.0,22.0
2013-02-13,4244.5,15.0,23.0
2013-02-14,4252.4,11.0,20.0
2013-02-15,4253.4,16.0,22.0
2013-02-16,4259.6,12.0,18.0
2013-02-17,4261.6,18.0,15.0
2013-02-18,4265.0,18.0,15.0
2013-02-19,4274.8,5.0,16.0
2013-02-20,4279.3,13.0,18.0
2013-02-21,4287.9,13.0,20.0
2013-02-22,4292.5,15.0,21.0
2013-02-23,4295.6,16.0,25.0
2013-02-24,4299.8,20.0,24.0
2013-02-25,4301.6,17.0,21.0
2013-02-26,4303.3,19.0,19.0
2013-02-27,4309.4,15.0,14.0
2013-02-28,4310.5,17.0,21.0
2013-03-01,4313.2,16.0,19.0
2013-03-02,4315.8,18.0,19.0
2013-03-03,4321.4,16.0,18.0
2013-03-04,4327.5,16.0,17.0
2013-03-05,4341.7,6.0,15.0
2013-03-06,4352.3,10.0,13.0
2013-03-07,4364.8,7.0,11.0
2013-03-08,4370.8,10.0,11.0
2013-03-09,4377.2,12.0,10.0
2013-03-10,4378.5,20.0,13.0
2013-03-11,4380.2,18.0,17.0
2013-03-12,4382.6,14.0,23.0
2013-03-13,4390.5,9.0,26.0
2013-03-14,4401.1,7.0,22.0
2013-03-15,4412.3,6.0,21.0
2013-03-16,4419.0,13.0,21.0
2013-03-17,4426.8,13.0,18.0
2013-03-18,4433.2,13.0,15.0
2013-03-19,4444.0,7.0,13.0
2013-03-20,4452.5,7.0,15.0
2013-03-21,4455.3,16.0,18.0
2013-03-22,4465.4,7.0,17.0
2013-03-23,4476.6,6.0,20.0
2013-03-24,4479.4,18.0,21.0
2013-03-25,4479.6,15.0,22.0
2013-03-26,4490.9,6.0,21.0
2013-03-27,4511.7,-1.0,20.0
2013-03-28,4531.9,-1.0,18.0
2013-03-29,4542.3,9.0,18.0
2013-03-30,4549.6,8.0,20.0
2013-03-31,4556.7,18.0,17.0
2013-04-01,4564.5,16.0,19.0
2013-04-02,4587.6,-4.0,17.0
2013-04-03,4611.0,-7.0,16.0
2013-04-04,4621.5,7.0,18.0
2013-04-05,4639.6,0.0,15.0
2013-04-06,4644.0,11.0,17.0
2013-04-07,4654.7,7.0,15.0
2013-04-08,4676.7,0.0,13.0
2013-04-09,4687.5,7.0,13.0
2013-04-10,4697.0,10.0,13.0
2013-04-11,4706.7,7.0,11.0
2013-04-12,4712.9,11.0,11.0
2013-04-13,4725.1,16.0,11.0
2013-04-14,4739.7,4.0,10.0
2013-04-15,4763.6,-15.0,4.0
2013-04-16,4776.9,5.0,5.0
2013-04-17,4787.2,4.0,6.0
2013-04-18,4803.7,-1.0,4.0
2013-04-19,4829.1,-9.0,5.0
2013-04-20,4843.6,-2.0,10.0
2013-04-21,4871.0,-8.0,10.0
2013-04-22,4893.8,-10.0,8.0
2013-04-23,4917.4,-13.0,9.0
2013-04-24,4932.1,0.0,7.0
2013-04-25,4956.2,-7.0,5.0
2013-04-26,4979.7,-11.0,3.0
2013-04-27,4981.3,16.0,8.0
2013-04-28,4996.4,1.0,10.0
2013-04-29,5025.3,-14.0,10.0
2013-04-30,5042.7,-3.0,10.0
2013-05-01,5066.4,-9.0,8.0
2013-05-02,5087.7,-4.0,7.0
2013-05-03,5111.7,-10.0,6.0
2013-05-04,5132.2,-9.0,4.0
2013-05-05,5149.7,0.0,7.0
2013-05-06,5174.0,-11.0,4.0
2013-05-07,5194.6,-6.0,2.0
2013-05-08,5207.8,0.0,3.0
2013-05-09,5217.9,6.0,4.0
2013-05-10,5239.5,-9.0,2.0
2013-05-11,5250.9,5.0,7.0
2013-05-12,5262.8,5.0,8.0
2013-05-13,5271.1,9.0,11.0
2013-05-14,5282.8,4.0,8.0
2013-05-15,5296.1,0.0,8.0
2013-05-16,5323.0,-10.0,8.0
2013-05-17,5326.7,14.0,9.0
2013-05-18,5329.7,10.0,10.0
2013-05-19,5341.5,-1.0,9.0
2013-05-20,5365.8,-8.0,6.0
2013-05-21,5370.0,13.0,8.0
2013-05-22,5372.4,11.0,7.0
2013-05-23,5384.0,6.0,15.0
2013-05-24,5403.9,-7.0,9.0
2013-05-25,5423.0,-4.0,12.0
2013-05-26,5441.7,0.0,10.0
2013-05-27,5458.7,0.0,7.0
2013-05-28,5487.9,18.0,5.0
2013-05-29,5502.4,-1.0,4.0
2013-05-30,5507.2,11.0,9.0
2013-05-31,5516.6,7.0,7.0
2013-06-01,5543.0,-14.0,4.0
2013-06-02,5559.5,2.0,6.0
2013-06-03,5588.7,-14.0,4.0
2013-06-04,5613.6,-12.0,6.0
2013-06-05,5640.5,-15.0,4.0
2013-06-06,5665.2,-10.0,12.0
2013-06-07,5689.7,-13.0,2.0
2013-06-08,5718.0,-17.0,1.0
2013-06-09,5747.3,-14.0,1.0
2013-06-10,5777.1,-15.0,1.0
2013-06-11,5802.2,-15.0,2.0
2013-06-12,5815.7,-2.0,2.0
2013-06-13,5828.5,1.0,2.0
2013-06-14,5836.8,7.0,2.0
2013-06-15,5861.2,-11.0,2.0
2013-06-16,5886.9,-9.0,3.0
2013-06-17,5902.0,-1.0,3.0
2013-06-18,5920.3,-8.0,1.0
2013-06-19,5938.0,-7.0,1.0
2013-06-20,5950.4,-1.0,1.0
2013-06-21,5968.9,-2.0,1.0
2013-06-22,5978.0,3.0,1.0
2013-06-23,5987.8,5.0,1.0
2013-06-24,6005.9,-3.0,3.0
2013-06-25,6013.4,5.0,5.0
2013-06-26,6035.4,-6.0,4.0
2013-06-27,6055.1,-7.0,3.0
2013-06-28,6072.0,-1.0,4.0
2013-06-29,6079.0,6.0,5.0
2013-06-30,6099.2,-5.0,4.0
2013-07-01,6122.0,-13.0,2.0
2013-07-02,6140.0,-6.0,1.0
2013-07-03,6156.2,-4.0,3.0
2013-07-04,6163.8,11.0,2.0
2013-07-05,6174.8,0.0,2.0
2013-07-06,6188.0,-1.0,1.0
2013-07-07,6211.9,-10.0,0.0
2013-07-08,6240.1,-18.0,0.0
2013-07-09,6266.9,-14.0,0.0
2013-07-10,6295.1,-18.0,0.0
2013-07-11,6314.7,-6.0,0.0
2013-07-12,6341.7,-12.0,0.0
2013-07-13,6354.3,-5.0,2.0
2013-07-14,6381.3,-12.0,1.0
2013-07-15,6401.4,-4.0,1.0
2013-07-16,6430.3,-22.0,0.0
2013-07-17,6454.0,-12.0,0.0
2013-07-18,6477.0,-11.0,0.0
2013-07-19,6503.5,-16.0,0.0
2013-07-20,6527.8,-14.0,0.0
2013-07-21,6545.6,-3.0,0.0
2013-07-22,6571.0,-16.0,0.0
2013-07-23,6594.2,-11.0,0.0
2013-07-24,6614.9,-11.0,0.0
2013-07-25,6641.0,-14.0,0.0
2013-07-26,6661.0,-9.0,0.0
2013-07-27,6678.4,-5.0,0.0
2013-07-28,6694.3,-4.0,0.0
2013-07-29,6717.8,-12.0,0.0
2013-07-30,6741.1,-13.0,0.0
2013-07-31,6749.0,5.0,0.0
2013-08-01,6766.7,-5.0,0.0
2013-08-02,6792.8,-16.0,0.0
2013-08-03,6814.0,-12.0,0.0
2013-08-04,6835.1,-10.0,0.0
2013-08-05,6859.8,-14.0,0.0
2013-08-06,6876.3,-6.0,0.0
2013-08-07,6888.9,2.0,0.0
2013-08-08,6891.6,12.0,1.0
2013-08-09,6910.6,-6.0,2.0
2013-08-10,6929.7,-7.0,1.0
2013-08-11,6944.0,-1.0,1.0
2013-08-12,6957.0,-4.0,1.0
2013-08-13,6970.7,0.0,2.0
2013-08-14,6995.0,-11.0,2.0
2013-08-15,7007.0,0.0,3.0
2013-08-16,7021.0,-4.0,2.0
2013-08-17,7035.7,-7.0,2.0
2013-08-18,7053.9,-5.0,1.0
2013-08-19,7070.0,-2.0,1.0
2013-08-20,7094.0,-11.0,1.0
2013-08-21,7110.0,-6.0,1.0
2013-08-22,7132.0,-10.0,2.0
2013-08-23,7140.0,3.0,1.0
2013-08-24,7162.0,-10.0,1.0
2013-08-25,7167.0,10.0,1.0
2013-08-26,7178.0,3.0,1.0
2013-08-27,7193.0,-5.0,1.0
2013-08-28,7214.0,-9.0,1.0
2013-08-29,7230.0,-5.0,1.0
2013-08-30,7252.0,-10.0,1.0
2013-08-31,7266.0,-1.0,1.0
2013-09-01,7286.0,-8.0,1.0
2013-09-02,7299.0,3.0,2.0
2013-09-03,7320.0,-9.0,2.0
2013-09-04,7332.0,0.0,1.0
2013-09-05,7352.0,-9.0,1.0
2013-09-06,7372.0,-7.0,1.0
2013-09-07,7383.0,-1.0,1.0
2013-09-08,7399.0,2.0,1.0
2013-09-09,7414.0,-3.0,1.0
2013-09-10,7420.0,3.0,3.0
2013-09-11,7430.0,8.0,6.0
2013-09-12,7437.0,7.0,6.0
2013-09-13,7447.0,5.0,4.0
2013-09-14,7452.0,8.0,6.0
2013-09-15,7458.0,2.0,4.0
2013-09-16,7468.0,7.0,5.0
2013-09-17,7485.0,0.0,5.0
2013-09-18,7492.0,7.0,7.0
2013-09-19,7497.0,9.0,9.0
2013-09-20,7504.0,7.0,6.0
2013-09-21,7514.0,5.0,7.0
2013-09-22,7527.0,6.0,5.0
2013-09-23,7533.0,9.0,4.0
2013-09-24,7543.0,3.0,3.0
2013-09-25,7559.0,-1.0,3.0
2013-09-26,7571.0,3.0,4.0
2013-09-27,7584.0,0.0,4.0
2013-09-28,7598.0,-3.0,8.0
2013-09-29,7610.0,3.0,7.0
2013-09-30,7625.0,2.0,6.0
2013-10-01,7640.0,-4.0,7.0
2013-10-02,7654.0,-1.0,6.0
2013-10-03,7670.0,0.0,4.0
2013-10-04,7680.0,4.0,5.0
2013-10-05,7688.0,8.0,4.0
2013-10-06,7692.0,13.0,4.0
2013-10-07,7701.0,6.0,4.0
2013-10-08,7711.0,2.0,6.0
2013-10-09,7719.0,6.0,5.0
2013-10-10,7725.0,9.0,6.0
2013-10-11,7732.0,10.0,10.0
2013-10-12,7735.0,11.0,10.0
2013-10-13,7746.0,7.0,10.0
2013-10-14,7747.0,16.0,13.0
2013-10-15,7749.0,13.0,10.0
2013-10-16,7752.0,13.0,11.0
2013-10-17,7756.0,15.0,10.0
2013-10-18,7767.0,5.0,9.0
2013-10-19,7776.0,7.0,8.0
2013-10-20,7778.0,11.0,6.0
2013-10-21,7783.0,15.0,6.0
2013-10-22,7788.0,11.0,5.0
2013-10-23,7795.0,8.0,4.0
2013-10-24,7800.0,11.0,5.0
2013-10-25,7809.0,9.0,8.0
2013-10-26,7813.0,10.0,6.0
2013-10-27,7819.0,12.0,5.0
2013-10-28,7822.0,15.0,6.0
2013-10-29,7826.0,12.0,8.0
2013-10-30,7833.0,7.0,19.0
2013-10-31,7838.0,10.0,10.0
2013-11-01,7844.0,13.0,14.0
2013-11-02,7849.0,11.0,10.0
2013-11-03,7850.0,14.0,9.0
2013-11-04,7856.0,12.0,11.0
2013-11-05,7858.0,14.0,12.0
2013-11-06,7860.0,14.0,15.0
2013-11-07,7861.0,15.0,11.0
2013-11-08,7863.0,16.0,9.0
2013-11-09,7866.0,14.0,11.0
2013-11-10,7869.0,8.0,13.0
2013-11-11,7874.0,9.0,15.0
2013-11-12,7878.0,6.0,13.0
2013-11-13,7880.0,16.0,14.0
2013-11-14,7884.0,11.0,20.0
2013-11-15,7886.0,18.0,13.0
2013-11-16,7891.0,10.0,14.0
2013-11-17,7893.0,11.0,14.0
2013-11-18,7894.0,19.0,15.0
2013-11-19,7896.0,14.0,13.0
2013-11-20,7897.0,15.0,17.0
2013-11-21,7899.0,17.0,18.0
2013-11-22,7903.0,15.0,17.0
2013-11-23,7904.0,14.0,17.0
2013-11-24,7906.0,21.0,17.0
2013-11-25,7908.0,18.0,14.0
2013-11-26,7912.0,12.0,14.0
2013-11-27,7914.0,17.0,14.0
2013-11-28,7918.0,13.0,14.0
2013-11-29,7919.0,17.0,14.0
2013-11-30,7920.0,21.0,15.0
2013-12-01,7922.0,17.0,14.0
2013-12-02,7927.0,13.0,14.0
2013-12-03,7931.0,10.0,14.0
2013-12-04,7936.0,13.0,18.0
2013-12-05,7937.0,18.0,17.0
2013-12-06,7938.0,16.0,18.0
2013-12-07,7943.0,12.0,18.0
2013-12-08,7945.0,16.0,17.0
2013-12-09,7947.0,18.0,14.0
2013-12-10,7952.0,11.0,14.0
2013-12-11,7957.0,11.0,16.0
2013-12-12,7962.0,11.0,18.0
2013-12-13,7965.0,10.0,19.0
2013-12-14,7970.0,15.0,19.0
2013-12-15,7975.0,9.0,17.0
2013-12-16,7977.0,17.0,15.0
2013-12-17,7981.0,11.0,13.0
2013-12-18,7982.0,14.0,12.0
2013-12-19,7986.0,13.0,14.0
2013-12-20,7990.0,11.0,13.0
2013-12-21,7995.0,11.0,15.0
2013-12-22,7997.0,20.0,15.0
2013-12-23,7998.0,19.0,15.0
2013-12-24,7999.8,16.0,15.0
2013-12-25,8000.0,19.0,14.0
2013-12-26,8002.0,14.0,13.0
2013-12-27,8006.0,11.0,16.0
2013-12-28,8007.0,16.0,15.0
2013-12-29,8010.0,17.0,14.0
2013-12-30,8014.0,14.0,15.0
2013-12-31,8016.0,10.0,15.0
2014-01-01,8018.0,20.0,16.0
2014-01-02,8021.0,12.0,14.0
2014-01-03,8023.0,18.0,13.0
2014-01-04,8026.0,9.0,14.0
2014-01-05,8027.0,10.0,12.0
2014-01-06,8029.0,17.0,15.0
2014-01-07,8031.0,15.0,12.0
2014-01-08,8034.0,10.0,11.0
2014-01-09,8037.0,14.0,12.0
2014-01-10,8038.0,14.0,14.0
2014-01-11,8041.0,11.0,14.0
2014-01-12,8046.0,14.0,16.0
2014-01-13,8052.0,10.0,16.0
2014-01-14,8057.0,10.0,13.0
2014-01-15,8058.0,17.0,16.0
2014-01-16,8059.0,18.0,17.0
2014-01-17,8060.0,13.0,14.0
2014-01-18,8062.0,16.0,14.0
2014-01-19,8064.0,16.0,13.0
2014-01-20,8067.0,15.0,13.0
2014-01-21,8068.0,14.0,13.0
2014-01-22,8070.0,16.0,15.0
2014-01-23,8075.0,13.0,16.0
2014-01-24,8076.0,15.0,16.0
2014-01-25,8082.0,10.0,16.0
2014-01-26,8084.0,18.0,18.0
2014-01-27,8087.0,16.0,18.0
2014-01-28,8088.0,16.0,18.0
2014-01-29,8090.0,14.0,20.0
2014-01-30,8094.0,15.0,18.0
2014-01-31,8097.0,12.0,17.0
2014-02-01,8101.0,12.0,17.0
2014-02-02,8104.0,20.0,12.0
2014-02-03,8109.0,11.0,19.0
2014-02-04,8117.0,11.0,16.0
2014-02-05,8122.0,8.0,14.0
2014-02-06,8126.0,16.0,16.0
2014-02-07,8129.0,15.0,13.0
2014-02-08,8130.0,15.0,17.0
2014-02-09,8132.0,20.0,16.0
2014-02-10,8135.0,8.0,17.0
2014-02-11,8137.0,12.0,15.0
2014-02-12,8141.0,16.0,17.0
2014-02-13,8147.0,12.0,17.0
2014-02-14,8149.0,14.0,16.0
2014-02-15,8151.0,14.0,14.0
2014-02-16,8157.0,11.0,15.0
2014-02-17,8167.0,8.0,15.0
2014-02-18,8175.0,9.0,13.0
2014-02-19,8177.0,12.0,14.0
2014-02-20,8182.0,10.0,14.0
2014-02-21,8183.0,13.0,14.0
2014-02-22,8193.0,5.0,13.0
2014-02-23,8200.0,11.0,15.0
2014-02-24,8211.0,5.0,7.0
2014-02-25,8220.0,5.0,12.0
2014-02-26,8226.0,6.0,11.0
2014-02-27,8236.0,9.0,14.0
2014-02-28,8238.0,12.0,15.0
2014-03-01,8242.0,9.0,14.0
2014-03-02,8245.0,12.0,15.0
2014-03-03,8254.0,9.0,15.0
2014-03-04,8261.0,11.0,14.0
2014-03-05,8267.0,7.0,14.0
2014-03-06,8280.0,2.0,14.0
2014-03-07,8295.0,3.0,13.0
2014-03-08,8302.0,12.0,12.0
2014-03-09,8316.0,1.0,10.0
2014-03-10,8331.0,0.0,8.0
2014-03-11,8344.0,-3.0,8.0
2014-03-12,8359.0,2.0,7.0
2014-03-13,8378.0,4.0,9.0
2014-03-14,8386.0,2.0,9.0
2014-03-15,8402.0,1.0,9.0
2014-03-16,8406.0,11.0,12.0
2014-03-17,8423.0,0.0,9.0
2014-03-18,8430.0,8.0,9.0
2014-03-19,8434.0,9.0,11.0
2014-03-20,8449.0,3.0,9.0
2014-03-21,8467.0,-1.0,6.0
2014-03-22,8479.0,3.0,10.0
2014-03-23,8492.0,4.0,12.0
2014-03-24,8505.0,3.0,14.0
2014-03-25,8516.0,5.0,13.0
2014-03-26,8531.0,2.0,12.0
2014-03-27,8544.0,3.0,14.0
2014-03-28,8554.0,6.0,13.0
2014-03-29,8572.0,-3.0,10.0
2014-03-30,8588.0,-4.0,7.0
2014-03-31,8599.0,7.0,6.0
2014-04-01,8612.0,2.0,5.0
2014-04-02,8631.0,-4.0,4.0
2014-04-03,8648.0,-6.0,4.0
2014-04-04,8658.0,8.0,3.0
2014-04-05,8663.0,9.0,5.0
2014-04-06,8685.0,-7.0,6.0
2014-04-07,8694.0,6.0,5.0
2014-04-08,8708.0,1.0,3.0
2014-04-09,8723.0,4.0,7.0
2014-04-10,8743.0,-2.0,10.0
2014-04-11,8763.0,-8.0,7.0
2014-04-12,8775.0,3.0,7.0
2014-04-13,8787.0,4.0,7.0
2014-04-14,8808.0,-4.0,7.0
2014-04-15,8828.0,-3.0,8.0
2014-04-16,8848.0,-4.0,9.0
2014-04-17,8874.0,-12.0,9.0
2014-04-18,8891.0,-4.0,9.0
2014-04-19,8909.0,-3.0,9.0
2014-04-20,8936.0,-10.0,7.0
2014-04-21,8947.0,4.0,5.0
2014-04-22,8959.0,1.0,5.0
2014-04-23,8976.0,-3.0,5.0
2014-04-24,9000.0,-13.0,3.0
2014-04-25,9013.0,2.0,4.0
2014-04-26,9035.0,-6.0,2.0
2014-04-27,9050.0,1.0,4.0
2014-04-28,9065.0,0.0,5.0
2014-04-29,9074.0,5.0,4.0
2014-04-30,9080.0,10.0,5.0
2014-05-01,9107.0,-10.0,5.0
2014-05-02,9125.0,-8.0,5.0
2014-05-03,9132.0,-6.0,7.0
2014-05-04,9152.0,6.0,8.0
2014-05-05,9173.0,-4.0,6.0
2014-05-06,9196.0,-12.0,6.0
2014-05-07,9210.0,5.0,5.0
2014-05-08,9226.0,0.0,5.0
2014-05-09,9232.0,10.0,8.0
2014-05-10,9250.0,-3.0,7.0
2014-05-11,9258.0,6.0,9.0
2014-05-12,9266.0,9.0,10.0
2014-05-13,9283.0,-3.0,8.0
2014-05-14,9306.0,-8.0,7.0
2014-05-15,9329.0,-6.0,8.0
2014-05-16,9356.0,-12.0,6.0
2014-05-17,9387.0,-19.0,4.0
2014-05-18,9415.0,-12.0,3.0
2014-05-19,9435.0,-19.0,1.0
2014-05-20,9455.0,-1.0,1.0
2014-05-21,9475.0,-1.0,1.0
2014-05-22,9495.0,-1.0,1.0
2014-05-23,9516.0,-1.0,1.0
2014-05-24,9538.0,-5.0,1.0
2014-05-25,9559.0,-7.0,1.0
2014-05-26,9580.0,-8.0,1.0
2014-05-27,9590.0,7.0,3.0
2014-05-28,9595.0,9.0,3.0
2014-05-29,9601.0,10.0,5.0
2014-05-30,9615.0,0.0,3.0
2014-05-31,9637.0,-3.0,3.0
2014-06-01,9654.0,-1.0,3.0
2014-06-02,9675.0,-10.0,3.0
2014-06-03,9703.0,-15.0,1.0
2014-06-04,9720.0,-3.0,2.0
2014-06-05,9732.0,4.0,3.0
2014-06-06,9757.0,4.0,4.0
2014-06-07,9788.0,-17.0,1.0
2014-06-08,9809.0,-10.0,1.0
2014-06-09,9836.0,-13.0,1.0
2014-06-10,9850.0,-2.0,1.0
2014-06-11,9862.0,0.0,1.0
2014-06-12,9894.0,-18.0,0.0
2014-06-13,9918.0,-11.0,0.0
2014-06-14,9945.0,-14.0,0.0
2014-06-15,9966.0,-8.0,0.0
2014-06-16,9986.0,-5.0,1.0
2014-06-17,9996.0,7.0,1.0
2014-06-18,10012.0,-7.0,1.0
2014-06-19,10028.0,0.0,2.0
2014-06-20,10042.0,-2.0,3.0
2014-06-21,10056.0,1.0,3.0
2014-06-22,10075.0,-5.0,1.0
2014-06-23,10102.0,-14.0,1.0
2014-06-24,10130.0,-14.0,1.0
2014-06-25,10157.0,-15.0,1.0
2014-06-26,10175.0,-2.0,1.0
2014-06-27,10198.0,-10.0,1.0
2014-06-28,10210.0,1.0,1.0
2014-06-29,10225.0,0.0,1.0
2014-06-30,10248.0,-1.0,1.0
2014-07-01,10274.0,-13.0,2.0
2014-07-02,10302.0,-8.0,1.0
2014-07-03,10328.0,-13.0,1.0
2014-07-04,10359.0,-18.0,0.0
2014-07-05,10374.0,-2.0,0.0
2014-07-06,10385.0,-3.0,0.0
2014-07-07,10395.0,4.0,0.0
2014-07-08,10412.0,-3.0,0.0
2014-07-09,10417.0,7.0,0.0
2014-07-10,10419.0,13.0,5.0
2014-07-11,10427.0,8.0,2.0
2014-07-12,10432.0,10.0,2.0
2014-07-13,10436.0,9.0,2.0
2014-07-14,10449.0,3.0,2.0
2014-07-15,10473.0,-8.0,1.0
2014-07-16,10487.0,-5.0,1.0
2014-07-17,10516.0,-16.0,0.0
2014-07-18,10541.0,-11.0,0.0
2014-07-19,10569.0,-15.0,0.0
2014-07-20,10583.0,-3.0,0.0
2014-07-21,10591.0,-1.0,0.0
2014-07-22,10603.0,8.0,0.0
2014-07-23,10630.0,-14.0,0.0
2014-07-24,10658.0,-16.0,0.0
2014-07-25,10680.0,-8.0,0.0
2014-07-26,10691.0,1.0,0.0
2014-07-27,10707.0,-5.0,0.0
2014-07-28,10723.0,-1.0,0.0
2014-07-29,10730.0,-1.0,0.0
2014-07-30,10752.0,-3.0,0.0
2014-07-31,10774.0,-12.0,0.0
2014-08-01,10800.0,-12.0,0.0
2014-08-02,10819.0,-7.0,0.0
2014-08-03,10841.0,-9.0,0.0
2014-08-04,10856.0,-5.0,0.0
2014-08-05,10876.0,-9.0,0.0
2014-08-06,10900.0,-10.0,0.0
2014-08-07,10906.0,6.0,0.0
2014-08-08,10922.0,-3.0,0.0
2014-08-09,10929.0,9.0,0.0
2014-08-10,10946.0,-2.0,0.0
2014-08-11,10958.0,1.0,0.0
2014-08-12,10980.0,-6.0,0.0
2014-08-13,11002.0,-11.0,0.0
2014-08-14,11022.0,-9.0,1.0
2014-08-15,11032.0,6.0,4.0
2014-08-16,11050.0,11.0,3.0
2014-08-17,11071.0,-5.0,2.0
2014-08-18,11079.0,8.0,3.0
2014-08-19,11090.0,-2.0,5.0
2014-08-20,11112.0,-11.0,5.0
2014-08-21,11125.0,5.0,6.0
2014-08-22,11137.0,3.0,5.0
2014-08-23,11148.0,5.0,5.0
2014-08-24,11170.0,-8.0,4.0
2014-08-25,11184.0,1.0,5.0
2014-08-26,11190.0,12.0,5.0
2014-08-27,11192.0,12.0,5.0
2014-08-28,11210.0,-2.0,3.0
2014-08-29,11218.0,7.0,3.0
2014-08-30,11232.0,-1.0,2.0
2014-08-31,11239.0,10.0,3.0
2014-09-01,11253.0,-3.0,3.0
2014-09-02,11268.0,0.0,3.0
2014-09-03,11284.0,1.0,2.0
2014-09-04,11306.0,-7.0,2.0
2014-09-05,11316.0,4.0,2.0
2014-09-06,11329.0,-2.0,1.0
2014-09-07,11333.0,11.0,1.0
2014-09-08,11349.0,-2.0,1.0
2014-09-09,11370.0,-9.0,1.0
2014-09-10,11384.0,2.0,4.0
2014-09-11,11397.0,1.0,4.0
2014-09-12,11412.0,4.0,3.0
2014-09-13,11430.0,-4.0,2.0
2014-09-14,11447.0,-8.0,3.0
2014-09-15,11460.0,2.0,3.0
2014-09-16,11472.0,3.0,2.0
2014-09-17,11489.0,-1.0,2.0
2014-09-18,11506.0,-4.0,2.0
2014-09-19,11519.0,2.0,1.0
2014-09-20,11532.0,1.0,1.0
2014-09-21,11543.0,4.0,1.0
2014-09-22,11556.0,1.0,1.0
2014-09-23,11566.0,2.0,3.0
2014-09-24,11576.0,4.0,5.0
2014-09-25,11583.0,11.0,6.0
2014-09-26,11597.0,-2.0,6.0
2014-09-27,11601.0,11.0,4.0
2014-09-28,11616.0,1.0,4.0
2014-09-29,11629.0,0.0,3.0
2014-09-30,11633.0,11.0,3.0
2014-10-01,11644.0,4.0,3.0
2014-10-02,11655.0,4.0,3.0
2014-10-03,11659.0,12.0,4.0
2014-10-04,11670.0,1.0,3.0
2014-10-05,11677.0,5.0,3.0
2014-10-06,11680.0,13.0,5.0
2014-10-07,11684.0,13.0,6.0
2014-10-08,11692.0,6.0,6.0
2014-10-09,11697.0,13.0,7.0
2014-10-10,11708.0,5.0,6.0
2014-10-11,11716.0,-3.0,5.0
2014-10-12,11721.0,11.0,7.0
2014-10-13,11729.0,8.0,5.0
2014-10-14,11733.0,13.0,5.0
2014-10-15,11737.0,15.0,8.0
2014-10-16,11744.0,10.0,7.0
2014-10-17,11751.0,8.0,6.0
2014-10-18,11759.0,5.0,5.0
2014-10-19,11770.0,5.0,3.0
2014-10-20,11775.0,12.0,2.0
2014-10-21,11785.0,4.0,4.0
2014-10-22,11787.0,12.0,8.0
2014-10-23,11790.0,13.0,10.0
2014-10-24,11795.0,12.0,9.0
2014-10-25,11797.0,15.0,8.0
2014-10-26,11803.0,9.0,7.0
2014-10-27,11807.0,12.0,8.0
2014-10-28,11815.0,7.0,6.0
2014-10-29,11823.0,8.0,8.0
2014-10-30,11824.0,16.0,10.0
2014-10-31,11829.0,12.0,5.0
2014-11-01,11838.0,6.0,6.0
2014-11-02,11845.0,7.0,6.0
2014-11-03,11850.0,7.0,7.0
2014-11-04,11853.0,11.0,7.0
2014-11-05,11856.0,13.0,9.0
2014-11-06,11859.0,15.0,12.0
2014-11-07,11861.0,14.0,11.0
2014-11-08,11865.0,13.0,11.0
2014-11-09,11871.0,11.0,11.0
2014-11-10,11875.0,13.0,10.0
2014-11-11,11880.0,8.0,10.0
2014-11-12,11887.0,10.0,11.0
2014-11-13,11891.0,10.0,9.0
2014-11-14,11896.0,9.0,12.0
2014-11-15,11897.0,15.0,10.0
2014-11-16,11899.0,14.0,11.0
2014-11-17,11900.0,16.0,11.0
2014-11-18,11903.0,13.0,11.0
2014-11-19,11905.0,17.0,10.0
2014-11-20,11905.0,15.0,11.0
2014-11-21,11910.0,12.0,12.0
2014-11-22,11915.0,11.0,13.0
2014-11-23,11920.0,15.0,12.0
2014-11-24,11923.0,7.0,10.0
2014-11-25,11927.0,16.0,11.0
2014-11-26,11930.0,11.0,14.0
2014-11-27,11931.0,16.0,13.0
2014-11-28,11933.0,14.0,11.0
2014-11-29,11935.0,12.0,11.0
2014-11-30,11939.0,15.0,15.0
2014-12-01,11939.0,16.0,16.0
2014-12-02,11939.0,17.0,16.0
2014-12-03,11940.0,16.0,16.0
2014-12-04,11940.0,17.0,19.0
2014-12-05,11941.0,17.0,18.0
2014-12-06,11942.0,14.0,16.0
2014-12-07,11946.0,14.0,15.0
2014-12-08,11947.0,19.0,19.0
2014-12-09,11948.0,18.0,18.0
2014-12-10,11951.0,17.0,17.0
2014-12-11,11956.0,13.0,15.0
2014-12-12,11957.0,17.0,17.0
2014-12-13,11957.0,16.0,15.0
2014-12-14,11959.0,19.0,16.0
2014-12-15,11963.0,13.0,17.0
2014-12-16,11965.0,12.0,18.0
2014-12-17,11966.0,15.0,15.0
2014-12-18,11967.0,18.0,16.0
2014-12-19,11967.0,19.0,12.0
2014-12-20,11967.0,17.0,13.0
2014-12-21,11970.0,13.0,15.0
2014-12-22,11971.0,16.0,17.0
2014-12-23,11971.0,18.0,13.0
2014-12-24,11972.0,17.0,13.0
2014-12-25,11973.0,14.0,13.0
2014-12-26,11974.0,15.0,16.0
2014-12-27,11977.0,16.0,15.0
2014-12-28,11977.0,18.0,20.0
2014-12-29,11977.0,11.0,22.0
2014-12-30,11979.0,19.0,20.0
2014-12-31,11981.0,20.0,18.0
2015-01-01,11984.0,12.0,19.0
2015-01-02,11987.0,15.0,19.0
2015-01-03,11993.0,14.0,17.0
2015-01-04,11998.0,7.0,16.0
2015-01-05,11998.0,8.0,16.0
2015-01-06,12001.0,15.0,21.0
2015-01-07,12003.0,17.0,18.0
2015-01-08,12006.0,15.0,16.0
2015-01-09,12006.0,18.0,19.0
2015-01-10,12007.0,18.0,15.0
2015-01-11,12008.0,17.0,15.0
2015-01-12,12011.0,14.0,16.0
2015-01-13,12011.0,17.0,17.0
2015-01-14,12012.0,18.0,14.0
2015-01-15,12015.0,16.0,18.0
2015-01-16,12016.0,17.0,17.0
2015-01-17,12021.0,11.0,15.0
2015-01-18,12026.0,14.0,18.0
2015-01-19,12028.0,14.0,19.0
2015-01-20,12029.0,10.0,17.0
2015-01-21,12031.0,15.0,18.0
2015-01-22,12034.0,17.0,20.0
2015-01-23,12035.0,16.0,21.0
2015-01-24,12037.0,19.0,21.0
2015-01-25,12041.0,12.0,21.0
2015-01-26,12043.0,15.0,20.0
2015-01-27,12044.0,15.0,17.0
2015-01-28,12049.0,16.0,16.0
2015-01-29,12050.0,13.0,20.0
2015-01-30,12053.0,17.0,20.0
2015-01-31,12056.0,15.0,21.0
2015-02-01,12060.0,14.0,19.0
2015-02-02,12062.0,18.0,20.0
2015-02-03,12065.0,14.0,21.0
2015-02-04,12070.0,16.0,20.0
2015-02-05,12077.0,13.0,20.0
2015-02-06,12081.0,14.0,21.0
2015-02-07,12090.0,9.0,21.0
2015-02-08,12094.0,16.0,20.0
2015-02-09,12099.0,7.0,17.0
2015-02-10,12101.0,10.0,18.0
2015-02-11,12102.0,21.0,16.0
2015-02-12,12105.0,15.0,15.0
2015-02-13,12113.0,17.0,15.0
2015-02-14,12122.0,8.0,15.0
2015-02-15,12126.0,12.0,13.0
2015-02-16,12136.0,9.0,13.0
2015-02-17,12142.0,12.0,17.0
2015-02-18,12148.0,14.0,16.0
2015-02-19,12155.0,12.0,17.0
2015-02-20,12159.0,16.0,19.0
2015-02-21,12160.0,18.0,17.0
2015-02-22,12165.0,18.0,16.0
2015-02-23,12173.0,10.0,15.0
2015-02-24,12180.0,11.0,18.0
2015-02-25,12186.0,11.0,17.0
2015-02-26,12189.0,13.0,16.0
2015-02-27,12193.0,14.0,15.0
2015-02-28,12205.0,4.0,14.0
2015-03-01,12216.0,4.0,15.0
2015-03-02,12225.0,12.0,14.0
2015-03-03,12232.0,5.0,15.0
2015-03-04,12236.0,21.0,10.0
2015-03-05,12243.0,7.0,13.0
2015-03-06,12254.0,6.0,23.0
2015-03-07,12260.0,10.0,13.0
2015-03-08,12273.0,6.0,13.0
2015-03-09,12288.0,-1.0,11.0
2015-03-10,12296.0,6.0,10.0
2015-03-11,12311.0,6.0,10.0
2015-03-12,12328.0,-2.0,11.0
2015-03-13,12344.0,0.0,15.0
2015-03-14,12360.0,-2.0,13.0
2015-03-15,12366.0,12.0,14.0
2015-03-16,12369.0,18.0,14.0
2015-03-17,12383.0,-1.0,15.0
2015-03-18,12399.0,0.0,11.0
2015-03-19,12407.0,11.0,13.0
2015-03-20,12410.0,13.0,13.0
2015-03-21,12413.0,34.0,8.0
2015-03-22,12422.0,13.0,15.0
2015-03-23,12436.0,4.0,14.0
2015-03-24,12450.0,2.0,13.0
2015-03-25,12459.0,6.0,14.0
2015-03-26,12461.0,18.0,15.0
2015-03-27,12466.0,13.0,14.0
2015-03-28,12483.0,0.0,13.0
2015-03-29,12486.0,7.0,12.0
2015-03-30,12488.0,18.0,14.0
2015-03-31,12505.0,0.0,10.0
2015-04-01,12521.0,0.0,14.0
2015-04-02,12536.0,3.0,14.0
2015-04-03,12550.0,0.0,13.0
2015-04-04,12551.0,7.0,13.0
2015-04-05,12567.0,9.0,13.0
2015-04-06,12587.0,-10.0,13.0
2015-04-07,12595.0,12.0,13.0
2015-04-08,12615.0,-8.0,11.0
2015-04-09,12632.0,0.0,10.0
2015-04-10,12654.0,-4.0,8.0
2015-04-11,12675.0,-4.0,6.0
2015-04-12,12685.0,4.0,9.0
2015-04-13,12709.0,-5.0,9.0
2015-04-14,12729.0,-8.0,7.0
2015-04-15,12754.0,-13.0,6.0
2015-04-16,12777.0,-8.0,4.0
2015-04-17,12793.0,3.0,6.0
2015-04-18,12812.0,-9.0,7.0
2015-04-19,12838.0,-10.0,8.0
2015-04-20,12863.0,-10.0,8.0
2015-04-21,12889.0,-10.0,6.0
2015-04-22,12916.0,-10.0,6.0
2015-04-23,12939.0,-6.0,7.0
2015-04-24,12964.0,-9.0,6.0
2015-04-25,12982.0,-4.0,5.0
2015-04-26,12996.0,-5.0,6.0
2015-04-27,13005.0,9.0,8.0
2015-04-28,13022.0,-3.0,8.0
2015-04-29,13049.0,-10.0,9.0
2015-04-30,13061.0,5.0,9.0
2015-05-01,13083.0,-5.0,10.0
2015-05-02,13107.0,-8.0,8.0
2015-05-03,13121.0,4.0,7.0
2015-05-04,13128.0,9.0,5.0
2015-05-05,13147.0,-5.0,4.0
2015-05-06,13172.0,-11.0,3.0
2015-05-07,13195.0,-10.0,7.0
2015-05-08,13214.0,-4.0,6.0
2015-05-09,13233.0,-1.0,3.0
2015-05-10,13249.0,-3.0,5.0
2015-05-11,13275.0,-9.0,3.0
2015-05-12,13298.0,-7.0,1.0
2015-05-13,13324.0,-10.0,1.0
2015-05-14,13353.0,-9.0,4.0
2015-05-15,13365.0,-7.0,5.0
2015-05-16,13396.0,-17.0,6.0
2015-05-17,13406.0,3.0,7.0
2015-05-18,13429.0,-6.0,5.0
2015-05-19,13439.0,2.0,7.0
2015-05-20,13456.0,-3.0,8.0
2015-05-21,13483.0,-11.0,8.0
2015-05-22,13510.0,-11.0,8.0
2015-05-23,13534.0,-10.0,4.0
2015-05-24,13548.0,-3.0,4.0
2015-05-25,13576.0,-14.0,3.0
2015-05-26,13600.0,-12.0,3.0
2015-05-27,13631.0,-19.0,4.0
2015-05-28,13655.0,-9.0,3.0
2015-05-29,13671.0,2.0,4.0
2015-05-30,13682.0,-3.0,6.0
2015-05-31,13697.0,0.0,4.0
2015-06-01,13703.0,9.0,6.0
2015-06-02,13725.0,-6.0,5.0
2015-06-03,13732.0,8.0,7.0
2015-06-04,13749.0,-2.0,5.0
2015-06-05,13780.0,-16.0,2.0
2015-06-06,13797.0,-4.0,1.0
2015-06-07,13830.0,-20.0,1.0
2015-06-08,13861.0,-19.0,1.0
2015-06-09,13885.0,-12.0,2.0
2015-06-10,13911.0,-12.0,4.0
2015-06-11,13941.0,-17.0,2.0
2015-06-12,13971.0,-21.0,1.0
2015-06-13,13991.0,-7.0,1.0
2015-06-14,14025.0,-20.0,1.0
2015-06-15,14048.0,-12.0,1.0
2015-06-16,14072.0,-10.0,1.0
2015-06-17,14094.0,-9.0,1.0
2015-06-18,14114.0,-5.0,2.0
2015-06-19,14137.0,-10.0,1.0
2015-06-20,14147.0,5.0,4.0
2015-06-21,14162.0,1.0,5.0
2015-06-22,14181.0,-4.0,2.0
2015-06-23,14191.0,1.0,4.0
2015-06-24,14202.0,2.0,3.0
2015-06-25,14227.0,-9.0,6.0
2015-06-26,14253.0,-8.0,1.0
2015-06-27,14280.0,-20.0,1.0
2015-06-28,14302.0,-8.0,1.0
2015-06-29,14321.0,-12.0,1.0
2015-06-30,14348.0,-14.0,0.0
2015-07-01,14377.0,-16.0,0.0
2015-07-02,14405.0,-16.0,0.0
2015-07-03,14428.0,-12.0,0.0
2015-07-04,14450.0,-10.0,0.0
2015-07-05,14473.0,-13.0,0.0
2015-07-06,14489.0,-3.0,0.0
2015-07-07,14515.0,-15.0,0.0
2015-07-08,14527.0,-2.0,0.0
2015-07-09,14540.0,5.0,1.0
2015-07-10,14572.0,-21.0,1.0
2015-07-11,14600.0,-16.0,2.0
2015-07-12,14627.0,-18.0,1.0
2015-07-13,14637.0,11.0,1.0
2015-07-14,14642.0,2.0,2.0
2015-07-15,14649.0,7.0,2.0
2015-07-16,14660.0,-3.0,1.0
2015-07-17,14680.0,-10.0,1.0
2015-07-18,14707.0,-11.0,1.0
2015-07-19,14733.0,-13.0,1.0
2015-07-20,14752.0,-6.0,1.0
2015-07-21,14763.0,3.0,1.0
2015-07-22,14785.0,-8.0,1.0
2015-07-23,14800.0,1.0,1.0
2015-07-24,14814.0,-5.0,1.0
2015-07-25,14828.0,-3.0,1.0
2015-07-26,14839.0,4.0,1.0
2015-07-27,14847.0,9.0,3.0
2015-07-28,14855.0,0.0,3.0
2015-07-29,14876.0,-3.0,3.0
2015-07-30,14899.0,-10.0,4.0
2015-07-31,14910.0,-2.0,5.0
2015-08-01,14933.0,-2.0,4.0
2015-08-02,14958.0,-12.0,2.0
2015-08-03,14983.0,-12.0,1.0
2015-08-04,14999.0,-5.0,1.0
2015-08-05,15021.0,-6.0,1.0
2015-08-06,15042.0,-10.0,0.0
2015-08-07,15069.0,-10.0,0.0
2015-08-08,15087.0,-5.0,0.0
2015-08-09,15100.0,-13.0,0.0
2015-08-10,15124.0,0.0,0.0
2015-08-11,15134.0,-4.0,0.0
2015-08-12,15150.0,-3.0,0.0
2015-08-13,15170.0,-5.0,0.0
2015-08-14,15190.0,-6.0,0.0
2015-08-15,15200.0,0.0,0.0
2015-08-16,15211.0,6.0,1.0
2015-08-17,15220.0,3.0,1.0
2015-08-18,15234.0,3.0,2.0
2015-08-19,15243.0,4.0,4.0
2015-08-20,15258.0,-2.0,3.0
2015-08-21,15272.0,3.0,2.0
2015-08-22,15294.0,-10.0,1.0
2015-08-23,15317.0,-13.0,1.0
2015-08-24,15325.0,6.0,1.0
2015-08-25,15337.0,-4.0,2.0
2015-08-26,15348.0,6.0,3.0
2015-08-27,15362.0,4.0,1.0
2015-08-28,15366.0,6.0,4.0
2015-08-29,15386.0,-6.0,5.0
2015-08-30,15402.0,-2.0,1.0
2015-08-31,15421.0,-4.0,1.0
2015-09-01,15429.0,6.0,1.0
2015-09-02,15445.0,-2.0,1.0
2015-09-03,15454.0,4.0,2.0
2015-09-04,15464.0,5.0,5.0
2015-09-05,15473.0,9.0,4.0
2015-09-06,15480.0,6.0,6.0
2015-09-07,15495.0,5.0,6.0
2015-09-08,15504.0,3.0,4.0
2015-09-09,15513.0,6.0,3.0
2015-09-10,15531.0,0.0,4.0
2015-09-11,15552.0,-8.0,3.0
2015-09-12,15572.0,-5.0,4.0
2015-09-13,15577.0,9.0,5.0
2015-09-14,15585.0,11.0,4.0
2015-09-15,15598.0,3.0,4.0
2015-09-16,15606.0,6.0,7.0
2015-09-17,15611.0,11.0,4.0
2015-09-18,15617.0,9.0,5.0
2015-09-19,15628.0,5.0,5.0
2015-09-20,15640.0,2.0,6.0
2015-09-21,15656.0,2.0,6.0
2015-09-22,15666.0,9.0,6.0
2015-09-23,15670.0,9.0,5.0
2015-09-24,15677.0,10.0,6.0
2015-09-25,15687.0,7.0,7.0
2015-09-26,15693.0,7.0,7.0
2015-09-27,15707.0,4.0,7.0
2015-09-28,15723.0,2.0,7.0
2015-09-29,15736.0,3.0,6.0
2015-09-30,15751.0,0.0,7.0
2015-10-01,15768.0,3.0,7.0
2015-10-02,15783.0,0.0,7.0
2015-10-03,15798.0,-3.0,7.0
2015-10-04,15809.0,5.0,6.0
2015-10-05,15823.0,4.0,8.0
2015-10-06,15827.0,15.0,7.0
2015-10-07,15832.0,13.0,5.0
2015-10-08,15836.0,13.0,5.0
2015-10-09,15842.0,5.0,6.0
2015-10-10,15855.0,6.0,7.0
2015-10-11,15858.0,15.0,9.0
2015-10-12,15870.0,0.0,10.0
2015-10-13,15883.0,4.0,11.0
2015-10-14,15887.0,8.0,13.0
2015-10-15,15889.0,13.0,15.0
2015-10-16,15893.0,30.0,12.0
2015-10-17,15895.0,12.0,13.0
2015-10-18,15901.0,14.0,11.0
2015-10-19,15904.0,11.0,10.0
2015-10-20,15906.0,22.0,9.0
2015-10-21,15909.0,22.0,9.0
2015-10-22,15911.0,13.0,10.0
2015-10-23,15915.0,10.0,7.0
2015-10-24,15925.0,11.0,8.0
2015-10-25,15934.0,17.0,8.0
2015-10-26,15936.0,10.0,8.0
2015-10-27,15938.0,7.0,9.0
2015-10-28,15939.0,11.0,9.0
2015-10-29,15940.0,15.0,7.0
2015-10-30,15947.0,7.0,8.0
2015-10-31,15954.0,12.0,8.0
2015-11-01,15962.0,6.0,9.0
2015-11-02,15970.0,10.0,9.0
2015-11-03,15979.0,13.0,12.0
2015-11-04,15985.0,11.0,9.0
2015-11-05,15988.0,13.0,12.0
2015-11-06,15992.0,12.0,3.0
2015-11-07,15995.0,14.0,3.0
2015-11-08,15998.0,13.0,6.0
2015-11-09,16003.0,6.0,6.0
2015-11-10,16007.0,14.0,7.0
2015-11-11,16010.0,14.0,8.0
2015-11-12,16012.0,16.0,7.0
2015-11-13,16016.0,12.0,8.0
2015-11-14,16020.0,12.0,9.0
2015-11-15,16023.0,14.0,12.0
2015-11-16,16025.0,15.0,9.0
2015-11-17,16026.0,15.0,9.0
2015-11-18,16028.0,15.0,9.0
2015-11-19,16032.0,15.0,8.0
2015-11-20,16032.0,14.0,9.0
2015-11-21,16033.0,14.0,11.0
2015-11-22,16036.0,13.0,14.0
2015-11-23,16039.0,16.0,14.0
2015-11-24,16043.0,15.0,17.0
2015-11-25,16044.0,17.0,19.0
2015-11-26,16046.0,19.0,15.0
2015-11-27,16051.0,10.0,12.0
2015-11-28,16052.0,20.0,17.0
2015-11-29,16056.0,15.0,15.0
2015-11-30,16057.0,15.0,11.0
2015-12-01,16058.0,15.0,12.0
2015-12-02,16058.0,16.0,13.0
2015-12-03,16062.0,15.0,10.0
2015-12-04,16065.0,17.0,10.0
2015-12-05,16070.0,8.0,13.0
2015-12-06,16072.0,16.0,15.0
2015-12-07,16074.0,17.0,12.0
2015-12-08,16077.0,14.0,10.0
2015-12-09,16079.0,18.0,13.0
2015-12-10,16083.0,16.0,12.0
2015-12-11,16085.0,12.0,13.0
2015-12-12,16087.0,15.0,14.0
2015-12-13,16089.0,16.0,15.0
2015-12-14,16090.0,21.0,14.0
2015-12-15,16090.0,16.0,13.0
2015-12-16,16091.0,12.0,12.0
2015-12-17,16094.0,20.0,12.0
2015-12-18,16096.0,13.0,9.0
2015-12-19,16097.0,14.0,10.0
2015-12-20,16099.0,15.0,11.0
2015-12-21,16101.0,16.0,11.0
2015-12-22,16103.0,20.0,10.0
2015-12-23,16104.0,15.0,10.0
2015-12-24,16107.0,17.0,10.0
2015-12-25,16109.0,15.0,11.0
2015-12-26,16110.0,21.0,13.0
2015-12-27,16113.0,15.0,10.0
2015-12-28,16117.0,15.0,11.0
2015-12-29,16120.0,12.0,12.0
2015-12-30,16122.0,17.0,13.0
2015-12-31,16125.0,14.0,13.0
2016-01-01,16129.0,13.0,12.0
2016-01-02,16131.0,16.0,13.0
2016-01-03,16133.0,15.0,15.0
2016-01-04,16135.0,15.0,14.0
2016-01-05,16136.0,18.0,13.0
2016-01-06,16137.0,17.0,14.0
2016-01-07,16139.0,14.0,13.0
2016-01-08,16144.0,11.0,16.0
2016-01-09,16146.0,20.0,16.0
2016-01-10,16148.0,20.0,15.0
2016-01-11,16149.0,18.0,14.0
2016-01-12,16152.0,16.0,16.0
2016-01-13,16154.0,16.0,15.0
2016-01-14,16156.0,16.0,18.0
2016-01-15,16157.0,19.0,19.0
2016-01-16,16158.0,18.0,17.0
2016-01-17,16162.0,15.0,18.0
2016-01-18,16167.0,15.0,19.0
2016-01-19,16171.0,11.0,22.0
2016-01-20,16176.0,15.0,22.0
2016-01-21,16179.0,16.0,20.0
2016-01-22,16183.0,16.0,20.0
2016-01-23,16186.0,16.0,18.0
2016-01-24,16188.0,19.0,16.0
2016-01-25,16189.0,22.0,15.0
2016-01-26,16194.0,12.0,11.0
2016-01-27,16198.0,12.0,11.0
2016-01-28,16199.0,19.0,14.0
2016-01-29,16206.0,6.0,11.0
2016-01-30,16208.0,17.0,18.0
2016-01-31,16208.0,17.0,14.0
2016-02-01,16210.0,19.0,16.0
2016-02-02,16211.0,16.0,12.0
2016-02-03,16213.0,15.0,12.0
2016-02-04,16216.0,19.0,18.0
2016-02-05,16218.0,9.0,12.0
2016-02-06,16219.0,18.0,14.0
2016-02-07,16222.0,14.0,13.0
2016-02-08,16228.0,10.0,12.0
2016-02-09,16230.0,16.0,16.0
2016-02-10,16233.0,16.0,16.0
2016-02-11,16237.0,15.0,18.0
2016-02-12,16243.0,15.0,17.0
2016-02-13,16253.0,7.0,17.0
2016-02-14,16256.0,17.0,18.0
2016-02-15,16260.0,17.0,18.0
2016-02-16,16264.0,16.0,18.0
2016-02-17,16274.0,11.0,21.0
2016-02-18,16284.0,10.0,19.0
2016-02-19,16293.0,13.0,17.0
2016-02-20,16298.0,13.0,17.0
2016-02-21,16300.0,18.0,14.0
2016-02-22,16302.0,19.0,16.0
2016-02-23,16303.0,18.0,14.0
2016-02-24,16310.0,10.0,18.0
2016-02-25,16318.0,10.0,11.0
2016-02-26,16323.0,19.0,18.0
2016-02-27,16329.0,13.0,17.0
2016-02-28,16340.0,7.0,18.0
2016-02-29,16355.0,4.0,17.0
2016-03-01,16367.0,10.0,16.0
2016-03-02,16370.0,17.0,19.0
2016-03-03,16377.0,10.0,17.0
2016-03-04,16388.0,6.0,16.0
2016-03-05,16393.0,14.0,18.0
2016-03-06,16400.0,13.0,16.0
2016-03-07,16408.0,14.0,18.0
2016-03-08,16415.0,17.0,17.0
2016-03-09,16423.0,5.0,17.0
2016-03-10,16430.0,5.0,15.0
2016-03-11,16444.0,4.0,13.0
2016-03-12,16454.0,9.0,16.0
2016-03-13,16469.0,0.0,15.0
2016-03-14,16486.0,4.0,16.0
2016-03-15,16504.0,-2.0,15.0
2016-03-16,16514.0,9.0,16.0
2016-03-17,16526.0,11.0,17.0
2016-03-18,16542.0,15.0,13.0
2016-03-19,16545.0,13.0,15.0
2016-03-20,16550.0,12.0,13.0
2016-03-21,16557.0,10.0,12.0
2016-03-22,16563.0,0.0,13.0
2016-03-23,16577.0,5.0,13.0
2016-03-24,16587.0,8.0,11.0
2016-03-25,16597.0,7.0,13.0
2016-03-26,16607.0,7.0,14.0
2016-03-27,16617.0,8.0,15.0
2016-03-28,16631.0,4.0,12.0
2016-03-29,16648.0,2.0,13.0
2016-03-30,16667.0,1.0,11.0
2016-03-31,16679.0,3.0,11.0
2016-04-01,16685.0,14.0,12.0
2016-04-02,16697.0,5.0,10.0
2016-04-03,16706.0,9.0,8.0
2016-04-04,16723.0,-1.0,6.0
2016-04-05,16734.0,7.0,6.0
2016-04-06,16742.0,9.0,10.0
2016-04-07,16750.0,10.0,10.0
2016-04-08,16758.0,9.0,12.0
2016-04-09,16773.0,3.0,12.0
2016-04-10,16789.0,1.0,10.0
2016-04-11,16809.0,-4.0,9.0
2016-04-12,16822.0,4.0,8.0
2016-04-13,16834.0,4.0,7.0
2016-04-14,16847.0,4.0,8.0
2016-04-15,16864.0,-2.0,8.0
2016-04-16,16881.0,0.0,7.0
2016-04-17,16891.0,8.0,9.0
2016-04-18,16915.0,-6.0,11.0
2016-04-19,16923.0,9.0,10.0
2016-04-20,16946.0,0.0,8.0
2016-04-21,16969.0,0.0,9.0
2016-04-22,16992.0,-15.0,8.0
2016-04-23,17010.0,0.0,9.0
2016-04-24,17025.0,-1.0,8.0
2016-04-25,17047.0,-2.0,13.0
2016-04-26,17054.0,14.0,13.0
2016-04-27,17069.0,7.0,17.0
2016-04-28,17082.0,5.0,13.0
2016-04-29,17098.0,2.0,13.0
2016-04-30,17110.0,7.0,13.0
2016-05-01,17123.0,3.0,11.0
2016-05-02,17150.0,-10.0,9.0
2016-05-03,17170.0,-4.0,9.0
2016-05-04,17199.0,-11.0,8.0
2016-05-05,17222.0,-8.0,7.0
2016-05-06,17250.0,-13.0,6.0
2016-05-07,17275.0,-8.0,2.0
2016-05-08,17294.0,-5.0,1.0
2016-05-09,17321.0,-12.0,1.0
2016-05-10,17340.0,-4.0,1.0
2016-05-11,17351.0,4.0,1.0
2016-05-12,17371.0,-3.0,1.0
2016-05-13,17392.0,-7.0,1.0
2016-05-14,17417.0,-12.0,1.0
2016-05-15,17438.0,-5.0,6.0
2016-05-16,17452.0,1.0,7.0
2016-05-17,17468.0,0.0,8.0
2016-05-18,17481.0,5.0,6.0
2016-05-19,17495.0,0.0,4.0
2016-05-20,17517.0,-7.0,4.0
2016-05-21,17533.0,-2.0,4.0
2016-05-22,17553.0,-3.0,1.0
2016-05-23,17559.0,8.0,4.0
2016-05-24,17568.0,3.0,5.0
2016-05-25,17583.0,1.0,6.0
2016-05-26,17603.0,-4.0,6.0
2016-05-27,17626.0,-6.0,3.0
2016-05-28,17648.0,-7.0,2.0
2016-05-29,17667.0,-6.0,1.0
2016-05-30,17676.0,7.0,1.0
2016-05-31,17678.0,12.0,3.0
2016-06-01,17685.0,9.0,3.0
2016-06-02,17690.0,9.0,4.0
2016-06-03,17696.0,10.0,5.0
2016-06-04,17709.0,2.0,4.0
2016-06-05,17724.0,0.0,3.0
2016-06-06,17739.0,2.0,1.0
2016-06-07,17760.0,-8.0,1.0
2016-06-08,17781.0,-6.0,1.0
2016-06-09,17814.0,-20.0,1.0
2016-06-10,17845.0,-17.0,1.0
2016-06-11,17865.0,-7.0,1.0
2016-06-12,17882.0,-2.0,1.0
2016-06-13,17895.0,0.0,1.0
2016-06-14,17904.0,7.0,1.0
2016-06-15,17923.0,-6.0,1.0
2016-06-16,17939.0,-1.0,2.0
2016-06-17,17948.0,10.0,3.0
2016-06-18,17965.0,-2.0,3.0
2016-06-19,17977.0,4.0,3.0
2016-06-20,17998.0,-3.0,2.0
2016-06-21,18005.0,8.0,6.0
2016-06-22,18012.0,8.0,1.0
2016-06-23,18034.0,-11.0,1.0
2016-06-24,18054.0,-6.0,2.0
2016-06-25,18079.0,-12.0,1.0
2016-06-26,18091.0,5.0,1.0
2016-06-27,18107.0,-4.0,2.0
2016-06-28,18119.0,6.0,3.0
2016-06-29,18139.0,-8.0,3.0
2016-06-30,18155.0,2.0,2.0
2016-07-01,18165.0,10.0,1.0
2016-07-02,18176.0,1.0,3.0
2016-07-03,18200.0,-10.0,4.0
2016-07-04,18223.0,-9.0,2.0
2016-07-05,18247.0,-10.0,2.0
2016-07-06,18263.0,-4.0,1.0
2016-07-07,18291.0,-14.0,2.0
2016-07-08,18311.0,-6.0,1.0
2016-07-09,18325.0,-2.0,1.0
2016-07-10,18345.0,-7.0,1.0
2016-07-11,18367.0,-2.0,1.0
2016-07-12,18401.0,-5.0,1.0
2016-07-13,18410.0,-11.0,1.0
2016-07-14,18420.0,-11.0,1.0
2016-07-15,18448.0,-2.0,2.0
2016-07-16,18468.0,-17.0,2.0
2016-07-17,18489.0,-8.0,2.0
2016-07-18,18508.0,-2.0,1.0
2016-07-19,18530.0,-3.0,0.0
2016-07-20,18552.0,-11.0,0.0
2016-07-21,18574.0,-5.0,2.0
2016-07-22,18595.0,1.0,0.0
2016-07-23,18613.0,0.0,0.0
2016-07-24,18629.0,-1.0,0.0
2016-07-25,18651.0,-5.0,0.0
2016-07-26,18670.0,-1.0,0.0
2016-07-27,18683.0,-13.0,0.0
2016-07-28,18700.0,3.0,0.0
2016-07-29,18715.0,9.0,0.0
2016-07-30,18733.0,0.0,0.0
2016-07-31,18746.0,0.0,0.0
2016-08-01,18771.0,-12.0,0.0
2016-08-02,18781.0,3.0,1.0
2016-08-03,18786.0,10.0,2.0
2016-08-04,18800.0,0.0,2.0
2016-08-05,18811.0,0.0,2.0
2016-08-06,18832.0,4.0,1.0
2016-08-07,18853.0,-14.0,2.0
2016-08-08,18868.0,-2.0,1.0
2016-08-09,18893.0,-1.0,1.0
2016-08-10,18916.0,-7.0,1.0
2016-08-11,18936.0,-20.0,2.0
2016-08-12,18941.0,10.0,5.0
2016-08-13,18963.0,-8.0,2.0
2016-08-14,18983.0,-8.0,1.0
2016-08-15,18998.0,2.0,1.0
2016-08-16,19024.0,-15.0,1.0
2016-08-17,19045.0,-10.0,1.0
2016-08-18,19060.0,-12.0,1.0
2016-08-19,19080.0,-12.0,1.0
2016-08-20,19105.0,6.0,1.0
2016-08-21,19124.0,-9.0,1.0
2016-08-22,19139.0,1.0,1.0
2016-08-23,19160.0,-7.0,1.0
2016-08-24,19183.0,-11.0,0.0
2016-08-25,19206.0,-10.0,0.0
2016-08-26,19228.0,-9.0,0.0
2016-08-27,19245.0,-4.0,0.0
2016-08-28,19259.0,-2.0,0.0
2016-08-29,19278.0,-6.0,0.0
2016-08-30,19294.0,-2.0,0.0
2016-08-31,19316.0,-8.0,0.0
2016-09-01,19331.0,-8.0,0.0
2016-09-02,19354.0,-7.0,0.0
2016-09-03,19366.0,1.0,0.0
2016-09-04,19383.0,-3.0,0.0
2016-09-05,19390.0,0.0,0.0
2016-09-06,19404.0,2.0,2.0
2016-09-07,19413.0,4.0,1.0
2016-09-08,19434.0,-11.0,1.0
2016-09-09,19452.0,-5.0,1.0
2016-09-10,19473.0,-8.0,1.0
2016-09-11,19489.0,-4.0,1.0
2016-09-12,19496.0,6.0,1.0
2016-09-13,19510.0,-5.0,1.0
2016-09-14,19533.0,-6.0,1.0
2016-09-15,19550.0,-6.0,1.0
2016-09-16,19563.0,0.0,1.0
2016-09-17,19575.0,0.0,1.0
2016-09-18,19589.0,0.0,1.0
2016-09-19,19601.0,1.0,1.0
2016-09-20,19611.0,4.0,1.0
2016-09-21,19624.0,1.0,3.0
2016-09-22,19638.0,0.0,3.0
2016-09-23,19649.0,4.0,3.0
2016-09-24,19659.0,3.0,3.0
2016-09-25,19676.0,-2.0,3.0
2016-09-26,19681.0,7.0,3.0
2016-09-27,19689.0,5.0,6.0
2016-09-28,19702.0,3.0,5.0
2016-09-29,19715.0,1.0,3.0
2016-09-30,19719.0,9.0,5.0
2016-10-01,19726.0,7.0,5.0
2016-10-02,19735.0,5.0,4.0
2016-10-03,19741.0,9.0,5.0
2016-10-04,19748.0,9.0,7.0
2016-10-05,19752.0,9.0,7.0
2016-10-06,19766.0,0.0,8.0
2016-10-07,19774.0,6.0,9.0
2016-10-08,19778.0,13.0,8.0
2016-10-09,19788.0,4.0,8.0
2016-10-10,19798.0,3.0,9.0
2016-10-11,19806.0,11.0,8.0
2016-10-12,19813.0,11.0,9.0
2016-10-13,19815.0,9.0,10.0
2016-10-14,19825.0,4.0,10.0
2016-10-15,19829.0,13.0,10.0
2016-10-16,19840.0,5.0,8.0
2016-10-17,19850.0,4.0,6.0
2016-10-18,19859.0,4.0,7.0
2016-10-19,19862.0,13.0,9.0
2016-10-20,19865.0,10.0,10.0
2016-10-21,19870.0,9.0,9.0
2016-10-22,19879.0,6.0,11.0
2016-10-23,19888.0,6.0,11.0
2016-10-24,19891.0,12.0,12.0
2016-10-25,19892.0,13.0,11.0
2016-10-26,19895.0,15.0,9.0
2016-10-27,19904.0,8.0,10.0
2016-10-28,19907.0,11.0,8.0
2016-10-29,19909.0,13.0,8.0
2016-10-30,19916.0,9.0,7.0
2016-10-31,19922.0,11.0,9.0
2016-11-01,19929.0,6.0,8.0
2016-11-02,19933.0,9.0,9.0
2016-11-03,19937.0,12.0,10.0
2016-11-04,19943.0,10.0,11.0
2016-11-05,19947.0,11.0,11.0
2016-11-06,19950.0,13.0,13.0
2016-11-07,19953.0,16.0,13.0
2016-11-08,19954.0,14.0,13.0
2016-11-09,19957.0,13.0,14.0
2016-11-10,19958.0,14.0,15.0
2016-11-11,19960.0,16.0,14.0
2016-11-12,19967.0,7.0,16.0
2016-11-13,19970.0,16.0,15.0
2016-11-14,19970.0,13.0,14.0
2016-11-15,19972.0,13.0,14.0
2016-11-16,19973.0,16.0,12.0
2016-11-17,19975.0,13.0,10.0
2016-11-18,19977.0,14.0,10.0
2016-11-19,19980.0,14.0,14.0
2016-11-20,19983.0,11.0,14.0
2016-11-21,19985.0,12.0,12.0
2016-11-22,19986.0,15.0,10.0
2016-11-23,19990.0,13.0,10.0
2016-11-24,19994.0,14.0,10.0
2016-11-25,19997.0,11.0,11.0
2016-11-26,20003.0,10.0,14.0
2016-11-27,20006.0,13.0,14.0
2016-11-28,20011.0,15.0,13.0
2016-11-29,20017.0,10.0,17.0
2016-11-30,20022.0,12.0,18.0
2016-12-01,20028.0,11.0,19.0
2016-12-02,20029.0,17.0,15.0
2016-12-03,20030.0,14.0,15.0
2016-12-04,20035.0,13.0,16.0
2016-12-05,20041.0,16.0,17.0
2016-12-06,20045.0,11.0,19.0
2016-12-07,20049.0,15.0,17.0
2016-12-08,20052.0,16.0,14.0
2016-12-09,20057.0,12.0,14.0
2016-12-10,20060.0,14.0,12.0
2016-12-11,20061.0,14.0,13.0
2016-12-12,20063.0,14.0,13.0
2016-12-13,20065.0,19.0,14.0
2016-12-14,20065.0,14.0,12.0
2016-12-15,20069.0,11.0,13.0
2016-12-16,20074.0,11.0,13.0
2016-12-17,20076.0,16.0,13.0
2016-12-18,20077.0,15.0,14.0
2016-12-19,20078.0,21.0,13.0
2016-12-20,20082.0,11.0,14.0
2016-12-21,20086.0,11.0,15.0
2016-12-22,20088.0,16.0,16.0
2016-12-23,20088.0,18.0,14.0
2016-12-24,20091.0,13.0,15.0
2016-12-25,20093.0,15.0,15.0
2016-12-26,20093.0,14.0,12.0
2016-12-27,20097.0,11.0,13.0
2016-12-28,20101.0,14.0,14.0
2016-12-29,20102.0,18.0,15.0
2016-12-30,20105.0,15.0,18.0
2016-12-31,20109.0,14.0,20.0
2017-01-01,20111.0,19.0,20.0
2017-01-02,20112.0,17.0,20.0
2017-01-03,20115.0,6.0,18.0
2017-01-04,20117.0,15.0,18.0
2017-01-05,20119.0,15.0,17.0
2017-01-06,20125.0,14.0,18.0
2017-01-07,20129.0,11.0,19.0
2017-01-08,20130.0,18.0,21.0
2017-01-09,20131.0,17.0,17.0
2017-01-10,20132.0,14.0,15.0
2017-01-11,20133.0,13.0,13.0
2017-01-12,20135.0,15.0,15.0
2017-01-13,20137.0,16.0,17.0
2017-01-14,20139.0,22.0,21.0
2017-01-15,20141.0,11.0,18.0
2017-01-16,20143.0,17.0,18.0
2017-01-17,20145.0,14.0,18.0
2017-01-18,20150.0,14.0,20.0
2017-01-19,20156.0,9.0,20.0
2017-01-20,20162.0,13.0,21.0
2017-01-21,20169.0,10.0,20.0
2017-01-22,20175.0,12.0,20.0
2017-01-23,20180.0,14.0,20.0
2017-01-24,20183.0,13.0,19.0
2017-01-25,20184.0,16.0,18.0
2017-01-26,20186.0,18.0,19.0
2017-01-27,20193.0,9.0,21.0
2017-01-28,20197.0,15.0,18.0
2017-01-29,20201.0,13.0,15.0
2017-01-30,20208.0,11.0,15.0
2017-01-31,20208.0,15.0,15.0
2017-02-01,20210.0,13.0,18.0
2017-02-02,20212.0,13.0,13.0
2017-02-03,20216.0,13.0,13.0
2017-02-04,20222.0,14.0,13.0
2017-02-05,20223.0,15.0,14.0
2017-02-06,20226.0,12.0,12.0
2017-02-07,20228.0,13.0,14.0
2017-02-08,20229.0,13.0,14.0
2017-02-09,20230.0,21.0,16.0
2017-02-10,20232.0,12.0,18.0
2017-02-11,20234.0,16.0,19.0
2017-02-12,20235.0,14.0,19.0
2017-02-13,20238.0,15.0,19.0
2017-02-14,20248.0,9.0,16.0
2017-02-15,20256.0,10.0,15.0
2017-02-16,20262.0,10.0,13.0
2017-02-17,20271.0,8.0,12.0
2017-02-18,20275.0,10.0,13.0
2017-02-19,20281.0,10.0,12.0
2017-02-20,20284.0,15.0,14.0
2017-02-21,20286.0,17.0,13.0
2017-02-22,20288.0,14.0,11.0
2017-02-23,20289.0,15.0,13.0
2017-02-24,20292.0,10.0,14.0
2017-02-25,20302.0,7.0,15.0
2017-02-26,20307.0,12.0,14.0
2017-02-27,20310.0,14.0,14.0
2017-02-28,20312.0,14.0,14.0
2017-03-01,20318.0,11.0,15.0
2017-03-02,20323.0,13.0,15.0
2017-03-03,20327.0,13.0,15.0
2017-03-04,20331.0,11.0,13.0
2017-03-05,20335.0,13.0,12.0
2017-03-06,20337.0,14.0,13.0
2017-03-07,20342.0,12.0,15.0
2017-03-08,20352.0,8.0,13.0
2017-03-09,20353.0,15.0,14.0
2017-03-10,20362.0,8.0,11.0
2017-03-11,20375.0,3.0,13.0
2017-03-12,20383.0,3.0,10.0
2017-03-13,20399.0,3.0,11.0
2017-03-14,20411.0,3.0,11.0
2017-03-15,20418.0,7.0,11.0
2017-03-16,20433.0,-1.0,9.0
2017-03-17,20449.0,-2.0,9.0
2017-03-18,20461.0,6.0,11.0
2017-03-19,20464.0,16.0,11.0
2017-03-20,20468.0,10.0,10.0
2017-03-21,20475.0,13.0,11.0
2017-03-22,20487.0,1.0,11.0
2017-03-23,20500.0,1.0,11.0
2017-03-24,20518.0,1.0,12.0
2017-03-25,20538.0,-2.0,11.0
2017-03-26,20558.0,-3.0,10.0
2017-03-27,20578.0,-2.0,9.0
2017-03-28,20599.0,-5.0,9.0
2017-03-29,20616.0,-1.0,8.0
2017-03-30,20626.0,3.0,7.0
2017-03-31,20646.0,-7.0,5.0
2017-04-01,20652.0,8.0,6.0
2017-04-02,20662.0,0.0,6.0
2017-04-03,20681.0,-2.0,8.0
2017-04-04,20698.0,-4.0,8.0
2017-04-05,20716.0,-1.0,9.0
2017-04-06,20729.0,1.0,8.0
2017-04-07,20741.0,6.0,9.0
2017-04-08,20750.0,7.0,9.0
2017-04-09,20773.0,-6.0,9.0
2017-04-10,20796.0,-11.0,6.0
2017-04-11,20811.0,2.0,8.0
2017-04-12,20823.0,5.0,10.0
2017-04-13,20835.0,2.0,10.0
2017-04-14,20857.0,-9.0,10.0
2017-04-15,20866.0,8.0,10.0
2017-04-16,20883.0,-1.0,10.0
2017-04-17,20899.0,2.0,11.0
2017-04-18,20923.0,-4.0,11.0
2017-04-19,20943.0,-8.0,10.0
2017-04-20,20961.0,-4.0,13.0
2017-04-21,20987.0,-8.0,10.0
2017-04-22,20995.0,10.0,10.0
2017-04-23,21010.0,2.0,10.0
2017-04-24,21020.0,3.0,9.0
2017-04-25,21038.0,0.0,10.0
2017-04-26,21064.0,-9.0,11.0
2017-04-27,21083.0,-2.0,11.0
2017-04-28,21101.0,-5.0,11.0
2017-04-29,21119.0,-2.0,11.0
2017-04-30,21135.0,-1.0,10.0
2017-05-01,21157.0,-6.0,7.0
2017-05-02,21167.0,6.0,7.0
2017-05-03,21174.0,10.0,9.0
2017-05-04,21188.0,-2.0,7.0
2017-05-05,21203.0,1.0,8.0
2017-05-06,21213.0,2.0,8.0
2017-05-07,21233.0,-3.0,6.0
2017-05-08,21240.0,9.0,8.0
2017-05-09,21255.0,-1.0,8.0
2017-05-10,21280.0,-9.0,7.0
2017-05-11,21308.0,-12.0,7.0
2017-05-12,21322.0,-2.0,5.0
2017-05-13,21341.0,-4.0,2.0
2017-05-14,21355.0,0.0,3.0
2017-05-15,21373.0,-3.0,4.0
2017-05-16,21390.0,-5.0,4.0
2017-05-17,21410.0,-7.0,1.0
2017-05-18,21433.0,-12.0,1.0
2017-05-19,21446.0,2.0,1.0
2017-05-20,21455.0,4.0,3.0
2017-05-21,21483.0,-12.0,4.0
2017-05-22,21507.0,-10.0,3.0
2017-05-23,21530.0,-13.0,1.0
2017-05-24,21558.0,-17.0,1.0
2017-05-25,21585.0,-14.0,1.0
2017-05-26,21614.0,-14.0,1.0
2017-05-27,21643.0,-13.0,1.0
2017-05-28,21667.0,-13.0,1.0
2017-05-29,21689.0,-14.0,1.0
2017-05-30,21708.0,-11.0,0.0
2017-05-31,21724.0,-2.0,1.0
2017-06-01,21745.0,-9.0,1.0
2017-06-02,21769.0,-12.0,1.0
2017-06-03,21794.0,-14.0,1.0
2017-06-04,21808.0,-2.0,1.0
2017-06-05,21832.0,-11.0,1.0
2017-06-06,21854.0,-8.0,1.0
2017-06-07,21874.0,-6.0,2.0
2017-06-08,21893.0,-7.0,3.0
2017-06-09,21916.0,-10.0,1.0
2017-06-10,21941.0,-13.0,2.0
2017-06-11,21972.0,-15.0,1.0
2017-06-12,21989.0,-5.0,1.0
2017-06-13,21998.0,5.0,1.0
2017-06-14,22022.0,-14.0,1.0
2017-06-15,22051.0,-15.0,0.0
2017-06-16,22078.0,-15.0,1.0
2017-06-17,22100.0,-10.0,1.0
2017-06-18,22127.0,-16.0,1.0
2017-06-19,22153.0,-16.0,0.0
2017-06-20,22180.0,-16.0,0.0
2017-06-21,22205.0,-15.0,0.0
2017-06-22,22231.0,-18.0,0.0
2017-06-23,22257.0,-15.0,0.0
2017-06-24,22283.0,-15.0,0.0
2017-06-25,22290.0,5.0,0.0
2017-06-26,22301.0,-2.0,0.0
2017-06-27,22320.0,-6.0,0.0
2017-06-28,22341.0,-7.0,0.0
2017-06-29,22354.0,0.0,0.0
2017-06-30,22369.0,-2.0,0.0
2017-07-01,22384.0,0.0,0.0
2017-07-02,22389.0,7.0,3.0
2017-07-03,22410.0,-5.0,2.0
2017-07-04,22435.0,-10.0,2.0
2017-07-05,22459.0,-11.0,1.0
2017-07-06,22485.0,-17.0,1.0
2017-07-07,22501.0,-3.0,0.0
2017-07-08,22526.0,-14.0,0.0
2017-07-09,22550.0,-12.0,1.0
2017-07-10,22572.0,-10.0,1.0
2017-07-11,22586.0,-4.0,1.0
2017-07-12,22598.0,0.0,1.0
2017-07-13,22616.0,-6.0,0.0
2017-07-14,22640.0,-9.0,1.0
2017-07-15,22654.0,-1.0,1.0
2017-07-16,22666.0,0.0,1.0
2017-07-17,22680.0,-8.0,1.0
2017-07-18,22700.0,-8.0,2.0
2017-07-19,22727.0,-8.0,1.0
2017-07-20,22745.0,-5.0,1.0
2017-07-21,22764.0,-3.0,0.0
2017-07-22,22789.0,-11.0,1.0
2017-07-23,22801.0,-2.0,1.0
2017-07-24,22817.0,-4.0,1.0
2017-07-25,22836.0,-6.0,1.0
2017-07-26,22850.0,-6.0,3.0
2017-07-27,22869.0,-3.0,1.0
2017-07-28,22890.0,-8.0,1.0
2017-07-29,22900.0,5.0,1.0
2017-07-30,22910.0,6.0,1.0
2017-07-31,22931.0,-16.0,0.0
2017-08-01,22954.0,-6.0,0.0
2017-08-02,22971.0,-7.0,0.0
2017-08-03,22980.0,4.0,0.0
2017-08-04,23004.0,-8.0,0.0
2017-08-05,23021.0,-3.0,0.0
2017-08-06,23035.0,1.0,0.0
2017-08-07,23055.0,-7.0,1.0
2017-08-08,23080.0,-13.0,1.0
2017-08-09,23083.0,12.0,2.0
2017-08-10,23103.0,-5.0,2.0
2017-08-11,23108.0,9.0,2.0
2017-08-12,23125.0,-2.0,2.0
2017-08-13,23134.0,8.0,2.0
2017-08-14,23148.0,-4.0,1.0
2017-08-15,23169.0,-6.0,1.0
2017-08-16,23181.0,-1.0,1.0
2017-08-17,23198.0,-6.0,1.0
2017-08-18,23205.0,5.0,1.0
2017-08-19,23218.0,3.0,2.0
2017-08-20,23231.0,0.0,3.0
2017-08-21,23245.0,1.0,3.0
2017-08-22,23255.0,3.0,2.0
2017-08-23,23274.0,-5.0,1.0
2017-08-24,23288.0,-2.0,1.0
2017-08-25,23305.0,-7.0,1.0
2017-08-26,23320.0,-2.0,1.0
2017-08-27,23335.0,-4.0,1.0
2017-08-28,23353.0,-4.0,1.0
2017-08-29,23372.0,-7.0,0.0
2017-08-30,23391.0,-7.0,0.0
2017-08-31,23398.0,6.0,0.0
2017-09-01,23411.0,0.0,0.0
2017-09-02,23422.0,3.0,3.0
2017-09-03,23438.0,-4.0,4.0
2017-09-04,23452.0,-3.0,3.0
2017-09-05,23459.0,8.0,3.0
2017-09-06,23466.0,4.0,2.0
2017-09-07,23474.0,9.0,3.0
2017-09-08,23485.0,4.0,3.0
2017-09-09,23488.0,11.0,4.0
2017-09-10,23501.0,1.0,4.0
2017-09-11,23512.0,3.0,6.0
2017-09-12,23522.0,2.0,5.0
2017-09-13,23541.0,-3.0,6.0
2017-09-14,23557.0,-4.0,5.0
2017-09-15,23562.0,13.0,7.0
2017-09-16,23577.0,1.0,7.0
2017-09-17,23585.0,9.0,9.0
2017-09-18,23597.0,4.0,7.0
2017-09-19,23606.0,4.0,7.0
2017-09-20,23617.0,4.0,7.0
2017-09-21,23631.0,-1.0,5.0
2017-09-22,23646.0,-7.0,5.0
2017-09-23,23657.0,3.0,6.0
2017-09-24,23674.0,-3.0,7.0
2017-09-25,23691.0,-2.0,5.0
2017-09-26,23705.0,1.0,6.0
2017-09-27,23720.0,1.0,5.0
2017-09-28,23728.0,8.0,5.0
2017-09-29,23735.0,7.0,3.0
2017-09-30,23744.0,5.0,3.0
2017-10-01,23751.0,9.0,4.0
2017-10-02,23756.0,12.0,6.0
2017-10-03,23765.0,3.0,5.0
2017-10-04,23780.0,1.0,6.0
2017-10-05,23787.0,7.0,7.0
2017-10-06,23797.0,2.0,7.0
2017-10-07,23808.0,5.0,8.0
2017-10-08,23810.0,13.0,9.0
2017-10-09,23815.0,11.0,8.0
2017-10-10,23820.0,9.0,7.0
2017-10-11,23825.0,12.0,6.0
2017-10-12,23829.0,10.0,6.0
2017-10-13,23841.0,3.0,6.0
2017-10-14,23847.0,7.0,5.0
2017-10-15,23856.0,8.0,5.0
2017-10-16,23866.0,5.0,2.0
2017-10-17,23875.0,5.0,3.0
2017-10-18,23881.0,8.0,4.0
2017-10-19,23887.0,6.0,2.0
2017-10-20,23894.0,7.0,8.0
2017-10-21,23898.0,7.0,3.0
2017-10-22,23906.0,9.0,10.0
2017-10-23,23909.0,12.0,10.0
2017-10-24,23914.0,7.0,8.0
2017-10-25,23915.0,15.0,6.0
2017-10-26,23917.0,12.0,6.0
2017-10-27,23920.0,13.0,5.0
2017-10-28,23928.0,5.0,8.0
2017-10-29,23931.0,10.0,9.0
2017-10-30,23937.0,11.0,9.0
2017-10-31,23943.0,11.0,10.0
2017-11-01,23946.0,12.0,10.0
2017-11-02,23951.0,14.0,11.0
2017-11-03,23957.0,10.0,9.0
2017-11-04,23963.0,8.0,9.0
2017-11-05,23964.0,13.0,11.0
2017-11-06,23970.0,14.0,11.0
2017-11-07,23976.0,8.0,12.0
2017-11-08,23982.0,7.0,14.0
2017-11-09,23983.0,15.0,14.0
2017-11-10,23988.0,12.0,12.0
2017-11-11,23990.0,12.0,12.0
2017-11-12,23992.0,16.0,13.0
2017-11-13,23995.0,11.0,15.0
2017-11-14,24001.0,9.0,13.0
2017-11-15,24003.0,5.0,13.0
2017-11-16,24004.0,13.0,13.0
2017-11-17,24006.0,13.0,12.0
2017-11-18,24008.0,11.0,12.0
2017-11-19,24010.0,12.0,15.0
2017-11-20,24014.0,12.0,13.0
2017-11-21,24014.0,12.0,15.0
2017-11-22,24015.0,15.0,12.0
2017-11-23,24015.0,8.0,10.0
2017-11-24,24023.0,12.0,11.0
2017-11-25,24026.0,13.0,12.0
2017-11-26,24029.0,13.0,14.0
2017-11-27,24036.0,9.0,17.0
2017-11-28,24036.0,14.0,14.0
2017-11-29,24038.0,14.0,17.0
2017-11-30,24040.0,15.0,17.0
2017-12-01,24041.0,15.0,17.0
2017-12-02,24042.0,14.0,18.0
2017-12-03,24043.0,12.0,20.0
2017-12-04,24044.0,18.0,18.0
2017-12-05,24046.0,13.0,16.0
2017-12-06,24047.0,14.0,16.0
2017-12-07,24048.0,15.0,15.0
2017-12-08,24048.0,13.0,16.0
2017-12-09,24051.0,16.0,18.0
2017-12-10,24053.0,15.0,20.0
2017-12-11,24053.0,16.0,19.0
2017-12-12,24053.0,15.0,20.0
2017-12-13,24054.0,16.0,21.0
2017-12-14,24054.0,18.0,18.0
2017-12-15,24057.0,15.0,20.0
2017-12-16,24058.0,14.0,18.0
2017-12-17,24060.0,14.0,19.0
2017-12-18,24062.0,11.0,16.0
2017-12-19,24064.0,18.0,16.0
2017-12-20,24065.0,15.0,16.0
2017-12-21,24066.0,12.0,13.0
2017-12-22,24066.0,17.0,13.0
2017-12-23,24067.0,15.0,12.0
2017-12-24,24067.0,15.0,12.0
2017-12-25,24068.0,18.0,13.0
2017-12-26,24069.0,14.0,15.0
2017-12-27,24070.0,14.0,16.0
2017-12-28,24072.0,13.0,17.0
2017-12-29,24075.0,11.0,18.0
2017-12-30,24075.0,17.0,20.0
2017-12-31,24076.0,15.0,14.0
2018-01-01,24077.0,15.0,12.0
2018-01-02,24078.0,13.0,15.0
2018-01-03,24080.0,14.0,16.0
2018-01-04,24081.0,15.0,14.0
2018-01-05,24081.0,18.0,15.0
2018-01-06,24083.0,10.0,14.0
2018-01-07,24084.0,13.0,15.0
2018-01-08,24088.0,12.0,18.0
2018-01-09,24089.0,14.0,18.0
2018-01-10,24090.0,19.0,16.0
2018-01-11,24091.0,16.0,16.0
2018-01-12,24093.0,13.0,12.0
2018-01-13,24094.0,17.0,14.0
2018-01-14,24096.0,15.0,15.0
2018-01-15,24098.0,16.0,16.0
2018-01-16,24099.0,16.0,18.0
2018-01-17,24103.0,12.0,17.0
2018-01-18,24104.0,16.0,19.0
2018-01-19,24107.0,14.0,16.0
2018-01-20,24112.0,15.0,18.0
2018-01-21,24112.0,17.0,17.0
2018-01-22,24115.0,15.0,17.0
2018-01-23,24119.0,14.0,15.0
2018-01-24,24121.0,15.0,14.0
2018-01-25,24124.0,14.0,12.0
2018-01-26,24126.0,19.0,13.0
2018-01-27,24128.0,13.0,13.0
2018-01-28,24130.0,14.0,14.0
2018-01-29,24132.0,15.0,14.0
2018-01-30,24134.0,13.0,13.0
2018-01-31,24140.0,13.0,15.0
2018-02-01,24141.0,15.0,15.0
2018-02-02,24145.0,14.0,17.0
2018-02-03,24149.0,14.0,18.0
2018-02-04,24150.0,18.0,17.0
2018-02-05,24155.0,14.0,18.0
2018-02-06,24163.0,8.0,21.0
2018-02-07,24170.0,11.0,20.0
2018-02-08,24178.0,7.0,22.0
2018-02-09,24186.0,12.0,19.0
2018-02-10,24189.0,11.0,20.0
2018-02-11,24199.0,12.0,19.0
2018-02-12,24203.0,14.0,18.0
2018-02-13,24209.0,11.0,18.0
2018-02-14,24218.0,9.0,19.0
2018-02-15,24225.0,10.0,19.0
2018-02-16,24229.0,14.0,16.0
2018-02-17,24236.0,13.0,17.0
2018-02-18,24247.0,2.0,18.0
2018-02-19,24255.0,10.0,18.0
2018-02-20,24259.0,13.0,18.0
2018-02-21,24263.0,17.0,17.0
2018-02-22,24274.0,5.0,19.0
2018-02-23,24285.0,7.0,19.0
2018-02-24,24297.0,6.0,21.0
2018-02-25,24306.0,5.0,22.0
2018-02-26,24318.0,8.0,21.0
2018-02-27,24326.0,9.0,24.0
2018-02-28,24334.0,8.0,24.0
2018-03-01,24347.0,6.0,26.0
2018-03-02,24358.0,4.0,23.0
2018-03-03,24360.0,16.0,26.0
2018-03-04,24370.0,8.0,21.0
2018-03-05,24374.0,13.0,17.0
2018-03-06,24380.0,6.0,14.0
2018-03-07,24389.0,11.0,15.0
2018-03-08,24393.0,12.0,15.0
2018-03-09,24402.0,10.0,17.0
2018-03-10,24408.0,9.0,14.0
2018-03-11,24412.0,13.0,11.0
2018-03-12,24421.0,7.0,10.0
2018-03-13,24428.0,8.0,12.0
2018-03-14,24430.0,11.0,14.0
2018-03-15,24442.0,6.0,14.0
2018-03-16,24445.0,15.0,13.0
2018-03-17,24449.0,12.0,15.0
2018-03-18,24451.0,17.0,22.0
2018-03-19,24461.0,6.0,21.0
2018-03-20,24480.0,-3.0,20.0
2018-03-21,24502.0,0.0,19.0
2018-03-22,24512.0,6.0,13.0
2018-03-23,24523.0,6.0,14.0
2018-03-24,24534.0,6.0,14.0
2018-03-25,24544.0,6.0,15.0
2018-03-26,24557.0,7.0,16.0
2018-03-27,24572.0,3.0,13.0
2018-03-28,24576.0,14.0,13.0
2018-03-29,24579.0,16.0,15.0
2018-03-30,24596.0,2.0,14.0
2018-03-31,24604.0,9.0,12.0
2018-04-01,24614.0,7.0,12.0
2018-04-02,24621.0,7.0,14.0
2018-04-03,24630.0,4.0,12.0
2018-04-04,24641.0,6.0,10.0
2018-04-05,24652.0,4.0,10.0
2018-04-06,24664.0,5.0,13.0
2018-04-07,24683.0,-3.0,12.0
2018-04-08,24702.0,-7.0,7.0
2018-04-09,24722.0,-8.0,4.0
2018-04-10,24730.0,6.0,6.0
2018-04-11,24742.0,0.0,5.0
2018-04-12,24748.0,8.0,7.0
2018-04-13,24753.0,10.0,9.0
2018-04-14,24763.0,8.0,8.0
2018-04-15,24778.0,1.0,8.0
2018-04-16,24790.0,6.0,5.0
2018-04-17,24809.0,-3.0,7.0
2018-04-18,24834.0,-14.0,6.0
2018-04-19,24857.0,-6.0,4.0
2018-04-20,24882.0,-12.0,2.0
2018-04-21,24905.0,-7.0,1.0
2018-04-22,24928.0,-9.0,1.0
2018-04-23,24948.0,-7.0,3.0
2018-04-24,24963.0,-1.0,5.0
2018-04-25,24977.0,0.0,5.0
2018-04-26,24993.0,-1.0,6.0
2018-04-27,25017.0,-4.0,8.0
2018-04-28,25030.0,6.0,7.0
2018-04-29,25040.0,7.0,7.0
2018-04-30,25043.0,13.0,8.0
2018-05-01,25051.0,5.0,10.0
2018-05-02,25075.0,-7.0,10.0
2018-05-03,25098.0,-6.0,9.0
2018-05-04,25123.0,-11.0,6.0
2018-05-05,25151.0,-13.0,6.0
2018-05-06,25179.0,-12.0,3.0
2018-05-07,25206.0,-12.0,1.0
2018-05-08,25232.0,-8.0,2.0
2018-05-09,25259.0,-15.0,1.0
2018-05-10,25284.0,-14.0,1.0
2018-05-11,25297.0,2.0,2.0
2018-05-12,25316.0,-1.0,3.0
2018-05-13,25335.0,-4.0,3.0
2018-05-14,25337.0,6.0,5.0
2018-05-15,25362.0,-8.0,4.0
2018-05-16,25386.0,-8.0,2.0
2018-05-17,25403.0,-2.0,2.0
2018-05-18,25432.0,-16.0,4.0
2018-05-19,25462.0,-18.0,5.0
2018-05-20,25474.0,4.0,7.0
2018-05-21,25500.0,-10.0,3.0
2018-05-22,25521.0,-7.0,1.0
2018-05-23,25536.0,-2.0,1.0
2018-05-24,25556.0,-6.0,2.0
2018-05-25,25572.0,-2.0,0.0
2018-05-26,25590.0,-6.0,0.0
2018-05-27,25610.0,-10.0,0.0
2018-05-28,25631.0,-7.0,0.0
2018-05-29,25657.0,-12.0,0.0
2018-05-30,25670.0,-3.0,0.0
2018-05-31,25695.0,-11.0,0.0
2018-06-01,25716.0,-9.0,0.0
2018-06-02,25721.0,9.0,0.0
2018-06-03,25731.0,2.0,0.0
2018-06-04,25750.0,-2.0,0.0
2018-06-05,25774.0,-11.0,0.0
2018-06-06,25789.0,-2.0,0.0
2018-06-07,25815.0,-14.0,0.0
2018-06-08,25828.0,1.0,0.0
2018-06-09,25845.0,-4.0,0.0
2018-06-10,25866.0,-7.0,0.0
2018-06-11,25884.0,-12.0,0.0
2018-06-12,25903.0,-3.0,0.0
2018-06-13,25916.0,0.0,1.0
2018-06-14,25932.0,-5.0,2.0
2018-06-15,25942.0,5.0,2.0
2018-06-16,25963.0,-4.0,1.0
2018-06-17,25984.0,-11.0,1.0
2018-06-18,25993.0,5.0,2.0
2018-06-19,26006.0,1.0,1.0
2018-06-20,26013.0,8.0,2.0
2018-06-21,26044.0,-20.0,1.0
2018-06-22,26062.0,-2.0,1.0
2018-06-23,26072.0,6.0,4.0
2018-06-24,26096.0,-8.0,2.0
2018-06-25,26120.0,-11.0,1.0
2018-06-26,26147.0,-11.0,2.0
2018-06-27,26177.0,-17.0,1.0
2018-06-28,26203.0,-16.0,1.0
2018-06-29,26229.0,-14.0,1.0
2018-06-30,26258.0,-19.0,0.0
2018-07-01,26285.0,-18.0,1.0
2018-07-02,26315.0,-24.0,0.0
2018-07-03,26345.0,-19.0,0.0
2018-07-04,26365.0,-8.0,0.0
2018-07-05,26391.0,-15.0,0.0
2018-07-06,26422.0,-19.0,0.0
2018-07-07,26442.0,-9.0,0.0
2018-07-08,26464.0,-13.0,0.0
2018-07-09,26492.0,-16.0,0.0
2018-07-10,26506.0,-3.0,0.0
2018-07-11,26511.0,10.0,0.0
2018-07-12,26525.0,-4.0,0.0
2018-07-13,26555.0,-23.0,0.0
2018-07-14,26580.0,-13.0,0.0
2018-07-15,26608.0,-13.0,0.0
2018-07-16,26634.0,-15.0,0.0
2018-07-17,26651.0,-5.0,0.0
2018-07-18,26675.0,-11.0,0.0
2018-07-19,26695.0,-9.0,0.0
2018-07-20,26715.0,-10.0,0.0
2018-07-21,26727.0,-1.0,0.0
2018-07-22,26753.0,-18.0,0.0
2018-07-23,26775.0,-10.0,0.0
2018-07-24,26796.0,-14.0,0.0
2018-07-25,26816.0,-11.0,0.0
2018-07-26,26841.0,-16.0,0.0
2018-07-27,26861.0,-10.0,0.0
2018-07-28,26879.0,-9.0,0.0
2018-07-29,26906.0,-17.0,0.0
2018-07-30,26920.0,-4.0,0.0
2018-07-31,26940.0,-8.0,0.0
2018-08-01,26963.0,-13.0,0.0
2018-08-02,26988.0,-16.0,0.0
2018-08-03,27014.0,-15.0,0.0
2018-08-04,27038.0,-16.0,0.0
2018-08-05,27060.0,-13.0,0.0
2018-08-06,27087.0,-13.0,0.0
2018-08-07,27112.0,-15.0,0.0
2018-08-08,27130.0,-9.0,0.0
2018-08-09,27148.0,-7.0,0.0
2018-08-10,27155.0,4.0,0.0
2018-08-11,27172.0,-4.0,0.0
2018-08-12,27194.0,-7.0,0.0
2018-08-13,27212.0,-4.0,0.0
2018-08-14,27226.0,-1.0,0.0
2018-08-15,27236.0,4.0,0.0
2018-08-16,27246.0,2.0,0.0
2018-08-17,27269.0,-10.0,0.0
2018-08-18,27292.0,-12.0,0.0
2018-08-19,27301.0,5.0,1.0
2018-08-20,27322.0,-6.0,1.0
2018-08-21,27329.0,3.0,1.0
2018-08-22,27345.0,-4.0,1.0
2018-08-23,27368.0,-13.0,0.0
2018-08-24,27379.0,4.0,1.0
2018-08-25,27393.0,-1.0,1.0
2018-08-26,27412.0,-6.0,2.0
2018-08-27,27420.0,6.0,3.0
2018-08-28,27429.0,7.0,3.0
2018-08-29,27445.0,-2.0,1.0
2018-08-30,27450.0,9.0,3.0
2018-08-31,27470.0,-5.0,3.0
2018-09-01,27480.0,-5.0,3.0
2018-09-02,27505.0,-5.0,3.0
2018-09-03,27526.0,-8.0,2.0
2018-09-04,27531.0,11.0,2.0
2018-09-05,27543.0,3.0,0.0
2018-09-06,27556.0,-1.0,1.0
2018-09-07,27570.0,1.0,1.0
2018-09-08,27591.0,-10.0,2.0
2018-09-09,27601.0,5.0,3.0
2018-09-10,27621.0,-4.0,2.0
2018-09-11,27632.0,2.0,1.0
2018-09-12,27653.0,-8.0,1.0
2018-09-13,27663.0,3.0,1.0
2018-09-14,27672.0,4.0,4.0
2018-09-15,27681.0,7.0,4.0
2018-09-16,27691.0,4.0,4.0
2018-09-17,27705.0,-1.0,3.0
2018-09-18,27723.0,-4.0,3.0
2018-09-19,27741.0,-4.0,1.0
2018-09-20,27754.0,-4.0,1.0
2018-09-21,27771.0,-1.0,1.0
2018-09-22,27788.0,0.0,2.0
2018-09-23,27793.0,10.0,4.0
2018-09-24,27797.0,12.0,7.0
2018-09-25,27812.0,3.0,8.0
2018-09-26,27826.0,-2.0,8.0
2018-09-27,27843.0,-2.0,7.0
2018-09-28,27859.0,-5.0,7.0
2018-09-29,27871.0,5.0,6.0
2018-09-30,27886.0,1.0,7.0
2018-10-01,27895.0,3.0,8.0
2018-10-02,27905.0,7.0,8.0
2018-10-03,27911.0,12.0,9.0
2018-10-04,27926.0,-2.0,6.0
2018-10-05,27938.0,8.0,5.0
2018-10-06,27951.0,-1.0,6.0
2018-10-07,27963.0,3.0,4.0
2018-10-08,27975.0,3.0,6.0
2018-10-09,27986.0,3.0,7.0
2018-10-10,27998.0,2.0,7.0
2018-10-11,28010.0,6.0,6.0
2018-10-12,28021.0,4.0,3.0
2018-10-13,28030.0,6.0,2.0
2018-10-14,28040.0,5.0,2.0
2018-10-15,28049.0,-1.0,2.0
2018-10-16,28060.0,3.0,3.0
2018-10-17,28071.0,6.0,3.0
2018-10-18,28077.0,8.0,5.0
2018-10-19,28081.0,10.0,5.0
2018-10-20,28086.0,10.0,5.0
2018-10-21,28095.0,8.0,8.0
2018-10-22,28101.0,9.0,7.0
2018-10-23,28109.0,9.0,7.0
2018-10-24,28115.0,9.0,8.0
2018-10-25,28117.0,9.0,6.0
2018-10-26,28120.0,12.0,7.0
2018-10-27,28122.0,16.0,9.0
2018-10-28,28130.0,7.0,11.0
2018-10-29,28137.0,10.0,13.0
2018-10-30,28139.0,15.0,14.0
2018-10-31,28140.0,14.0,15.0
2018-11-01,28146.0,11.0,12.0
2018-11-02,28148.0,17.0,10.0
2018-11-03,28157.0,7.0,12.0
2018-11-04,28164.0,9.0,12.0
2018-11-05,28171.0,12.0,13.0
2018-11-06,28176.0,12.0,11.0
2018-11-07,28181.0,10.0,9.0
2018-11-08,28183.0,12.0,9.0
2018-11-09,28191.0,8.0,10.0
2018-11-10,28196.0,13.0,10.0
2018-11-11,28197.0,14.0,10.0
2018-11-12,28199.0,16.0,9.0
2018-11-13,28201.0,15.0,10.0
2018-11-14,28207.0,12.0,10.0
2018-11-15,28212.0,12.0,10.0
2018-11-16,28218.0,10.0,11.0
2018-11-17,28219.0,13.0,12.0
2018-11-18,28225.0,15.0,15.0
2018-11-19,28232.0,11.0,15.0
2018-11-20,28234.0,14.0,16.0
2018-11-21,28235.0,19.0,17.0
2018-11-22,28239.0,14.0,14.0
2018-11-23,28244.0,13.0,15.0
2018-11-24,28249.0,13.0,15.0
2018-11-25,28251.0,12.0,15.0
2018-11-26,28251.0,20.0,15.0
2018-11-27,28252.0,14.0,14.0
2018-11-28,28255.0,18.0,15.0
2018-11-29,28256.0,17.0,13.0
2018-11-30,28258.0,12.0,11.0
2018-12-01,28262.0,17.0,11.0
2018-12-02,28263.0,17.0,12.0
2018-12-03,28265.0,13.0,8.0
2018-12-04,28266.0,10.0,11.0
2018-12-05,28268.0,14.0,12.0
2018-12-06,28269.0,16.0,12.0
2018-12-07,28269.0,14.0,10.0
2018-12-08,28270.0,16.0,12.0
2018-12-09,28271.0,15.0,13.0
2018-12-10,28273.0,18.0,13.0
2018-12-11,28276.0,12.0,14.0
2018-12-12,28279.0,16.0,15.0
2018-12-13,28284.0,7.0,16.0
2018-12-14,28288.0,15.0,19.0
2018-12-15,28289.0,14.0,19.0
2018-12-16,28292.0,15.0,17.0
2018-12-17,28292.0,19.0,18.0
2018-12-18,28297.0,14.0,16.0
2018-12-19,28299.0,14.0,13.0
2018-12-20,28301.0,17.0,13.0
2018-12-21,28302.0,13.0,13.0
2018-12-22,28303.0,17.0,13.0
2018-12-23,28306.0,12.0,12.0
2018-12-24,28306.0,17.0,12.0
2018-12-25,28309.0,16.0,10.0
2018-12-26,28313.0,16.0,15.0
2018-12-27,28317.0,13.0,19.0
2018-12-28,28319.0,14.0,16.0
2018-12-29,28320.0,14.0,18.0
2018-12-30,28321.0,18.0,15.0
2018-12-31,28322.0,16.0,13.0
2019-01-01,28323.0,19.0,12.0
2019-01-02,28324.0,16.0,13.0
2019-01-03,28325.0,16.0,15.0
2019-01-04,28328.0,14.0,13.0
2019-01-05,28329.0,21.0,17.0
2019-01-06,28329.0,17.0,15.0
2019-01-07,28329.0,18.0,14.0
2019-01-08,28330.0,16.0,14.0
2019-01-09,28331.0,15.0,16.0
2019-01-10,28335.0,17.0,16.0
2019-01-11,28337.0,20.0,17.0
2019-01-12,28339.0,19.0,15.0
2019-01-13,28339.0,16.0,13.0
2019-01-14,28341.0,12.0,13.0
2019-01-15,28343.0,17.0,14.0
2019-01-16,28345.0,18.0,15.0
2019-01-17,28346.0,14.0,16.0
2019-01-18,28348.0,18.0,17.0
2019-01-19,28352.0,14.0,20.0
2019-01-20,28358.0,16.0,18.0
2019-01-21,28363.0,11.0,20.0
2019-01-22,28369.0,11.0,21.0
2019-01-23,28370.0,13.0,22.0
2019-01-24,28372.0,18.0,22.0
2019-01-25,28374.0,18.0,18.0
2019-01-26,28375.0,14.0,20.0
2019-01-27,28377.0,19.0,16.0
2019-01-28,28378.0,15.0,15.0
2019-01-29,28381.0,13.0,18.0
2019-01-30,28386.0,13.0,19.0
2019-01-31,28388.0,19.0,21.0
2019-02-01,28389.0,14.0,20.0
2019-02-02,28391.0,18.0,18.0
2019-02-03,28393.0,14.0,17.0
2019-02-04,28396.0,10.0,17.0
2019-02-05,28398.0,18.0,20.0
2019-02-06,28400.0,22.0,18.0
2019-02-07,28402.0,10.0,15.0
2019-02-08,28407.0,12.0,14.0
2019-02-09,28408.0,14.0,15.0
2019-02-10,28412.0,17.0,15.0
2019-02-11,28414.0,8.0,14.0
2019-02-12,28418.0,13.0,16.0
2019-02-13,28427.0,6.0,15.0
2019-02-14,28435.0,14.0,18.0
2019-02-15,28444.0,11.0,14.0
2019-02-16,28453.0,6.0,14.0
2019-02-17,28462.0,6.0,13.0
2019-02-18,28471.0,9.0,14.0
2019-02-19,28480.0,9.0,12.0
2019-02-20,28489.0,8.0,13.0
2019-02-21,28500.0,6.0,13.0
2019-02-22,28506.0,15.0,12.0
2019-02-23,28510.0,8.0,10.0
2019-02-24,28521.0,3.0,12.0
2019-02-25,28529.0,10.0,11.0
2019-02-26,28540.0,4.0,10.0
2019-02-27,28551.0,4.0,11.0
2019-02-28,28562.0,7.0,10.0
2019-03-01,28565.0,16.0,12.0
2019-03-02,28568.0,13.0,12.0
2019-03-03,28570.0,15.0,12.0
2019-03-04,28572.0,15.0,12.0
2019-03-05,28579.0,18.0,13.0
2019-03-06,28588.0,7.0,13.0
2019-03-07,28594.0,9.0,13.0
2019-03-08,28600.0,9.0,13.0
2019-03-09,28608.0,15.0,12.0
2019-03-10,28613.0,15.0,12.0
2019-03-11,28620.0,9.0,13.0
2019-03-12,28630.0,10.0,15.0
2019-03-13,28635.0,9.0,14.0
2019-03-14,28642.0,11.0,15.0
2019-03-15,28649.0,12.0,15.0
2019-03-16,28651.0,12.0,12.0
2019-03-17,28655.0,15.0,12.0
2019-03-18,28668.0,4.0,14.0
2019-03-19,28682.0,4.0,14.0
2019-03-20,28688.0,9.0,11.0
2019-03-21,28698.0,9.0,11.0
2019-03-22,28717.0,-6.0,9.0
2019-03-23,28736.0,-4.0,10.0
2019-03-24,28739.0,15.0,10.0
2019-03-25,28760.0,-11.0,10.0
2019-03-26,28770.0,9.0,12.0
2019-03-27,28782.0,6.0,11.0
2019-03-28,28789.0,6.0,11.0
2019-03-29,28796.0,8.0,9.0
2019-03-30,28817.0,-4.0,9.0
2019-03-31,28835.0,1.0,7.0
2019-04-01,28850.0,1.0,8.0
2019-04-02,28871.0,-3.0,10.0
2019-04-03,28881.0,10.0,11.0
2019-04-04,28896.0,2.0,10.0
2019-04-05,28906.0,7.0,13.0
2019-04-06,28920.0,3.0,12.0
2019-04-07,28933.0,3.0,9.0
2019-04-08,28948.0,1.0,7.0
2019-04-09,28960.0,4.0,7.0
2019-04-10,28980.0,2.0,10.0
2019-04-11,29000.0,0.0,10.0
2019-04-12,29019.0,-11.0,8.0
2019-04-13,29031.0,5.0,13.0
2019-04-14,29047.0,3.0,13.0
2019-04-15,29061.0,7.0,13.0
2019-04-16,29084.0,-7.0,10.0
2019-04-17,29098.0,0.0,8.0
2019-04-18,29108.0,8.0,6.0
2019-04-19,29132.0,-11.0,5.0
2019-04-20,29155.0,-11.0,3.0
2019-04-21,29179.0,-8.0,2.0
2019-04-22,29203.0,-17.0,1.0
2019-04-23,29223.0,0.0,1.0
2019-04-24,29240.0,-5.0,4.0
2019-04-25,29261.0,-6.0,2.0
2019-04-26,29269.0,8.0,6.0
2019-04-27,29290.0,-6.0,7.0
2019-04-28,29305.0,2.0,7.0
2019-04-29,29313.0,13.0,10.0
2019-04-30,29330.0,-1.0,8.0
2019-05-01,29340.0,4.0,7.0
2019-05-02,29362.0,-4.0,6.0
2019-05-03,29372.0,4.0,8.0
2019-05-04,29383.0,5.0,9.0
2019-05-05,29406.0,-4.0,12.0
2019-05-06,29426.0,-8.0,9.0
2019-05-07,29436.0,11.0,12.0
2019-05-08,29453.0,-2.0,9.0
2019-05-09,29462.0,6.0,9.0
2019-05-10,29475.0,4.0,8.0
2019-05-11,29489.0,3.0,8.0
2019-05-12,29513.0,-6.0,7.0
2019-05-13,29536.0,-6.0,7.0
2019-05-14,29565.0,-13.0,6.0
2019-05-15,29594.0,-11.0,6.0
2019-05-16,29624.0,-13.0,6.0
2019-05-17,29649.0,-12.0,3.0
2019-05-18,29657.0,9.0,6.0
2019-05-19,29674.0,-9.0,5.0
2019-05-20,29693.0,-2.0,3.0
2019-05-21,29697.0,15.0,7.0
2019-05-22,29716.0,0.0,5.0
2019-05-23,29740.0,-8.0,4.0
2019-05-24,29763.0,-7.0,2.0
2019-05-25,29794.0,-19.0,1.0
2019-05-26,29813.0,-7.0,4.0
2019-05-27,29833.0,-4.0,2.0
2019-05-28,29848.0,1.0,4.0
2019-05-29,29862.0,2.0,4.0
2019-05-30,29882.0,0.0,4.0
2019-05-31,29897.0,-4.0,2.0
2019-06-01,29914.0,-1.0,2.0
2019-06-02,29941.0,-10.0,1.0
2019-06-03,29967.0,-15.0,1.0
2019-06-04,29979.0,2.0,1.0
2019-06-05,29995.0,-1.0,0.0
2019-06-06,30003.0,10.0,2.0
2019-06-07,30021.0,-1.0,3.0
2019-06-08,30036.0,-2.0,3.0
2019-06-09,30058.0,-8.0,4.0
2019-06-10,30068.0,-3.0,4.0
2019-06-11,30083.0,4.0,2.0
2019-06-12,30101.0,-1.0,3.0
2019-06-13,30116.0,1.0,3.0
2019-06-14,30136.0,-3.0,3.0
2019-06-15,30161.0,-14.0,3.0
2019-06-16,30181.0,-4.0,1.0
2019-06-17,30201.0,-2.0,3.0
2019-06-18,30227.0,-11.0,0.0
2019-06-19,30252.0,-13.0,1.0
2019-06-20,30268.0,-1.0,1.0
2019-06-21,30286.0,-4.0,1.0
2019-06-22,30314.0,-14.0,0.0
2019-06-23,30339.0,-10.0,1.0
2019-06-24,30359.0,-6.0,0.0
2019-06-25,30381.0,-8.0,0.0
2019-06-26,30405.0,-15.0,0.0
2019-06-27,30433.0,-15.0,0.0
2019-06-28,30463.0,-17.0,0.0
2019-06-29,30492.0,-14.0,0.0
2019-06-30,30521.0,-17.0,0.0
2019-07-01,30548.0,-16.0,0.0
2019-07-02,30575.0,-14.0,0.0
2019-07-03,30596.0,-7.0,0.0
2019-07-04,30620.0,-12.0,0.0
2019-07-05,30646.0,-8.0,0.0
2019-07-06,30670.0,-9.0,0.0
2019-07-07,30687.0,-5.0,0.0
2019-07-08,30709.0,-16.0,0.0
2019-07-09,30724.0,2.0,2.0
2019-07-10,30741.0,-1.0,2.0
2019-07-11,30753.0,0.0,1.0
2019-07-12,30776.0,-4.0,1.0
2019-07-13,30796.0,-1.0,0.0
2019-07-14,30808.0,-2.0,1.0
2019-07-15,30821.0,5.0,1.0
2019-07-16,30830.0,8.0,2.0
2019-07-17,30850.0,-6.0,1.0
2019-07-18,30870.0,-8.0,1.0
2019-07-19,30880.0,3.0,0.0
2019-07-20,30897.0,0.0,0.0
2019-07-21,30918.0,-13.0,0.0
2019-07-22,30940.0,-4.0,0.0
2019-07-23,30966.0,-13.0,0.0
2019-07-24,30993.0,-13.0,0.0
2019-07-25,31017.0,-13.0,0.0
2019-07-26,31040.0,-14.0,0.0
2019-07-27,31061.0,-10.0,0.0
2019-07-28,31064.0,10.0,0.0
2019-07-29,31078.0,0.0,0.0
2019-07-30,31093.0,-2.0,0.0
2019-07-31,31114.0,-9.0,0.0
2019-08-01,31129.0,0.0,0.0
2019-08-02,31144.0,1.0,0.0
2019-08-03,31166.0,-7.0,0.0
2019-08-04,31173.0,9.0,0.0
2019-08-05,31190.0,-6.0,0.0
2019-08-06,31207.0,-4.0,0.0
2019-08-07,31224.0,-4.0,0.0
2019-08-08,31245.0,-10.0,0.0
2019-08-09,31266.0,-8.0,0.0
2019-08-10,31277.0,0.0,0.0
2019-08-11,31298.0,-8.0,0.0
2019-08-12,31311.0,2.0,0.0
2019-08-13,31322.0,6.0,1.0
2019-08-14,31336.0,3.0,3.0
2019-08-15,31348.0,1.0,3.0
2019-08-16,31361.0,2.0,2.0
2019-08-17,31375.0,-5.0,1.0
2019-08-18,31380.0,15.0,1.0
2019-08-19,31395.0,0.0,1.0
2019-08-20,31410.0,0.0,1.0
2019-08-21,31432.0,-6.0,2.0
2019-08-22,31454.0,-8.0,2.0
2019-08-23,31478.0,-9.0,2.0
2019-08-24,31500.0,0.0,1.0
2019-08-25,31522.0,-15.0,2.0
2019-08-26,31542.0,-6.0,1.0
2019-08-27,31561.0,-7.0,1.0
2019-08-28,31580.0,-9.0,0.0
2019-08-29,31596.0,1.0,1.0
2019-08-30,31616.0,-6.0,0.0
2019-08-31,31638.0,-10.0,1.0
2019-09-01,31653.0,-1.0,1.0
2019-09-02,31670.0,-5.0,2.0
2019-09-03,31687.0,-6.0,2.0
2019-09-04,31695.0,8.0,2.0
2019-09-05,31704.0,7.0,2.0
2019-09-06,31712.0,7.0,4.0
2019-09-07,31729.0,3.0,4.0
2019-09-08,31739.0,1.0,5.0
2019-09-09,31759.0,1.0,4.0
2019-09-10,31775.0,-1.0,5.0
2019-09-11,31790.0,0.0,4.0
2019-09-12,31794.0,8.0,5.0
2019-09-13,31809.0,-1.0,1.0
2019-09-14,31821.0,4.0,2.0
2019-09-15,31832.0,-4.0,3.0
2019-09-16,31840.0,4.0,2.0
2019-09-17,31865.0,4.0,2.0
2019-09-18,31879.0,4.0,4.0
2019-09-19,31888.0,4.0,5.0
2019-09-20,31900.0,5.0,5.0
2019-09-21,31916.0,-7.0,6.0
2019-09-22,31933.0,2.0,4.0
2019-09-23,31942.0,3.0,2.0
2019-09-24,31955.0,2.0,2.0
2019-09-25,31958.0,12.0,4.0
2019-09-26,31963.0,14.0,4.0
2019-09-27,31966.0,14.0,4.0
2019-09-28,31976.0,8.0,6.0
2019-09-29,31984.0,6.0,4.0
2019-09-30,31990.0,10.0,5.0
2019-10-01,31997.0,9.0,5.0
2019-10-02,32002.0,11.0,5.0
2019-10-03,32011.0,10.0,7.0
2019-10-04,32015.0,10.0,7.0
2019-10-05,32018.0,13.0,8.0
2019-10-06,32025.0,11.0,8.0
2019-10-07,32028.0,15.0,8.0
2019-10-08,32031.0,16.0,8.0
2019-10-09,32037.0,10.0,8.0
2019-10-10,32043.0,6.0,8.0
2019-10-11,32053.0,7.0,8.0
2019-10-12,32055.0,15.0,7.0
2019-10-13,32060.0,12.0,6.0
2019-10-14,32067.0,12.0,3.0
2019-10-15,32075.0,7.0,4.0
2019-10-16,32080.0,13.0,4.0
2019-10-17,32087.0,12.0,7.0
2019-10-18,32094.0,11.0,6.0
2019-10-19,32094.0,11.0,6.0
2019-10-20,32099.0,14.0,9.0
2019-10-21,32101.0,13.0,7.0
2019-10-22,32103.0,14.0,8.0
2019-10-23,32111.0,9.0,7.0
2019-10-24,32118.0,9.0,6.0
2019-10-25,32126.0,11.0,5.0
2019-10-26,32131.0,8.0,7.0
2019-10-27,32138.0,9.0,5.0
2019-10-28,32145.0,11.0,8.0
2019-10-29,32149.0,11.0,9.0
2019-10-30,32155.0,16.0,11.0
2019-10-31,32160.0,9.0,11.0
2019-11-01,32170.0,9.0,16.0
2019-11-02,32172.0,14.0,11.0
2019-11-03,32176.0,12.0,9.0
2019-11-04,32178.0,9.0,8.0
2019-11-05,32184.0,7.0,10.0
2019-11-06,32189.0,11.0,10.0
2019-11-07,32193.0,10.0,10.0
2019-11-08,32196.0,10.0,12.0
2019-11-09,32203.0,7.0,13.0
2019-11-10,32208.0,8.0,14.0
2019-11-11,32215.0,8.0,13.0
2019-11-12,32216.0,17.0,15.0
2019-11-13,32223.0,8.0,14.0
2019-11-14,32226.0,13.0,15.0
2019-11-15,32229.0,12.0,14.0
2019-11-16,32231.0,12.0,15.0
2019-11-17,32235.0,13.0,14.0
2019-11-18,32238.0,13.0,14.0
2019-11-19,32238.0,13.0,15.0
2019-11-20,32244.0,9.0,16.0
